,img_id,m_0_0,m_0_1,m_1_1,lamda_max,lamda_min,min_intensity,max_intensity,mean,standard_deviation,lamda_max_min_diff,answer
140,20150916T151022.629995_left_N_10_67.jpg,140.622,115.76100000000001,-34.2666,164.643,91.7396,18.8974,71.993,54.8993,10.4295,72.9034,0
12,20150916T151028.435618_left_N_10_33.jpg,1208.55,653.349,213.90200000000002,1281.4,580.499,143.783,252.687,231.90900000000002,24.4039,700.9010000000001,0
146,20150916T151022.974987_left_N_71_15.jpg,568.67,347.848,100.76799999999999,607.741,308.777,138.25,253.355,247.533,15.2002,298.964,0
271,20150916T151023.620874_right_N_97_51.jpg,19.4397,79.3256,8.69485,80.5625,18.2028,58.6821,90.353,69.8117,4.21416,62.3597,0
67,20150916T151027.866000_right_N_60_49.jpg,71.4933,1056.44,1.61396,1056.44,71.4906,37.760999999999996,189.183,76.6547,18.4645,984.9494,0
423,20150916T151024.010245_right_28_74_38.jpg,12609.7,11175.4,202.04,12637.6,11147.5,47.0238,252.15400000000002,150.995,67.8524,1490.1,1
239,20150916T151023.620874_right_N_51_56.jpg,50.1228,99.8872,-7.84687,101.095,48.9148,61.7115,87.6496,75.5814,5.39676,52.1802,0
476,20150916T151022.974987_left_28_76_38.jpg,11437.8,14879.5,127.477,14884.3,11433.0,38.5048,252.757,138.94799999999998,72.3863,3451.3,1
65,20150916T151024.010245_right_N_10_48.jpg,22.7442,51.9302,27.4171,68.3961,6.27834,220.99099999999999,253.347,248.69099999999997,7.705610000000001,62.11776,0
409,20150916T151027.866000_right_12_52_32.jpg,6416.1,7799.73,327.46299999999997,7873.32,6342.52,46.4985,253.36,141.933,66.5555,1530.8,1
26,20150916T151027.267104_right_N_28_70.jpg,1471.47,974.319,480.93300000000005,1764.27,681.5189999999999,27.8251,218.09799999999998,70.5602,30.5981,1082.751,0
523,20150916T151028.435618_left_12_64_43.jpg,3134.5,7480.74,150.365,7485.94,3129.31,88.3206,253.042,176.45,50.205,4356.63,1
412,20150916T151027.866000_right_3_52_30.jpg,9425.91,7004.13,75.1578,9428.24,7001.8,42.8812,250.923,134.806,60.6881,2426.44,1
407,20150916T151027.866000_right_28_54_37.jpg,3332.03,6426.52,-718.414,6585.17,3173.38,72.5917,251.86,151.86700000000002,58.3932,3411.79,1
521,20150916T151026.139450_right_12_51_36.jpg,5680.48,8096.13,187.422,8110.59,5666.02,51.4305,252.06099999999998,138.865,62.7326,2444.57,1
343,20150916T151024.688583_left_3_67_40.jpg,14338.3,10692.7,657.632,14453.3,10577.7,41.6902,251.44799999999998,124.949,63.9761,3875.6,1
592,20150916T151027.555014_right_3_50_30.jpg,12544.8,6583.68,426.588,12575.2,6553.31,46.6571,249.93400000000003,144.746,54.2788,6021.89,1
491,20150916T151027.555014_left_3_52_29.jpg,7862.19,7048.11,-617.803,8194.99,6715.31,49.0603,251.99099999999999,145.505,65.3845,1479.68,1
126,20150916T151037.437838_left_N_83_28.jpg,1525.58,2171.69,109.135,2189.63,1507.64,61.3458,252.88400000000001,159.115,61.7207,681.99,0
418,20150916T151027.555014_left_12_52_28.jpg,5781.47,6168.81,-374.039,6396.34,5553.93,49.8536,253.32,147.46,67.2167,842.41,1
362,20150916T151026.139450_right_12_51_37.jpg,3538.71,11749.8,-140.93200000000002,11752.2,3536.29,48.7413,251.97299999999998,148.632,68.8031,8215.91,1
457,20150916T151037.437838_left_3_10_28.jpg,5365.97,5052.28,213.02700000000002,5473.67,4944.59,36.8849,253.33599999999998,177.382,74.0775,529.08,1
479,20150916T151024.688583_right_3_66_40.jpg,4901.54,12971.4,-240.426,12978.6,4894.39,48.16,251.053,148.635,59.5328,8084.21,1
259,20150916T151028.435618_right_N_71_81.jpg,7.74362,12.8276,-3.85341,14.9019,5.6692800000000005,40.8353,60.7455,50.1993,5.76577,9.232619999999999,0
132,20150916T151024.688583_left_N_43_24.jpg,70.3256,1363.49,-163.735,1383.9,49.9164,24.7928,174.665,56.4574,35.727,1333.9836,0
460,20150916T151027.866000_left_3_55_31.jpg,7875.0,7852.64,-552.526,8416.46,7311.18,48.7357,251.02,138.904,62.8425,1105.28,1
390,20150916T151022.060481_left_3_67_40.jpg,5478.11,12763.6,-504.82199999999995,12798.4,5443.3,42.3919,251.53,139.54399999999998,59.6741,7355.1,1
98,20150916T151027.866000_right_N_25_75.jpg,1014.73,3201.04,930.685,3543.56,672.21,26.0311,241.71400000000003,114.29700000000001,54.7238,2871.35,0
295,20150916T151027.555014_left_N_75_26.jpg,11763.3,3165.53,549.938,11798.4,3130.49,65.8302,251.614,177.264,44.2797,8667.91,0
176,20150916T151026.451457_left_N_16_13.jpg,611.696,1745.75,-455.62199999999996,1906.12,451.32199999999995,47.6161,192.61,87.8166,27.9508,1454.7979999999998,0
393,20150916T151025.085992_left_28_79_36.jpg,13090.7,11992.5,372.968,13205.4,11877.8,34.0514,252.618,130.609,73.9995,1327.6,1
219,20150916T151022.629995_right_N_10_33.jpg,48.7146,1980.54,196.176,2000.26,28.9944,36.9746,213.24400000000003,98.0453,65.5752,1971.2656,0
350,20150916T151026.139450_right_3_67_37.jpg,11393.4,7668.06,341.36300000000006,11424.4,7637.04,48.7738,253.07299999999998,150.769,64.2561,3787.36,1
232,20150916T151028.435618_right_N_10_92.jpg,1783.28,1163.33,788.53,2320.58,626.036,61.9119,252.671,151.74200000000002,69.9629,1694.5439999999999,0
115,20150916T151027.267104_left_N_28_49.jpg,9.680010000000001,858.7689999999999,11.3894,858.921,9.52727,24.8575,143.06,66.4363,16.3886,849.3937300000001,0
97,20150916T151022.629995_left_N_11_58.jpg,9.37306,34.81,-2.83406,35.122,9.06113,53.0992,72.7939,61.3839,3.05533,26.06087,0
572,20150916T151023.346577_left_28_76_38.jpg,11451.0,14895.7,125.038,14900.3,11446.5,37.9223,252.706,139.012,72.4212,3453.8,1
297,20150916T151027.555014_left_N_47_75.jpg,37.3377,10.1889,4.63379,38.1068,9.4198,38.2497,66.4663,49.9954,6.60095,28.686999999999998,0
91,20150916T151025.085992_left_N_37_75.jpg,50.7263,256.92,-60.7508,273.488,34.1586,138.576,253.463,247.801,17.6096,239.3294,0
80,20150916T151028.435618_left_N_10_11.jpg,986.075,855.8939999999999,51.8382,1004.2,837.7739999999999,87.1505,249.861,226.115,31.2111,166.426,0
186,20150916T151027.866000_left_N_63_21.jpg,4132.76,5313.49,-294.413,5382.83,4063.42,61.8702,251.018,170.22299999999998,53.6357,1319.41,0
307,20150916T151022.974987_left_N_45_19.jpg,487.42400000000004,603.919,-70.7962,637.349,453.99300000000005,70.0888,253.546,188.608,67.4199,183.356,0
394,20150916T151023.620874_right_12_41_29.jpg,2010.21,2996.64,506.964,3210.72,1796.13,25.0857,195.86900000000003,93.1095,43.3998,1414.59,1
180,20150916T151024.688583_right_N_22_10.jpg,875.5830000000001,1818.52,-621.675,2127.28,566.819,41.9491,235.19299999999998,116.18799999999999,46.9951,1560.461,0
210,20150916T151028.435618_left_N_28_25.jpg,412.80199999999996,3154.78,-441.634,3224.15,343.426,20.1904,252.96099999999998,94.9349,66.2313,2880.724,0
225,20150916T151024.358708_right_N_12_45.jpg,3.0051099999999997,26.6767,5.1767199999999995,27.7592,1.9225299999999999,231.829,253.43400000000003,251.30599999999998,2.66066,25.83667,0
261,20150916T151022.060481_right_N_98_66.jpg,16.4358,57.1295,22.5225,67.1349,6.43038,221.833,253.388,249.674,7.284669999999999,60.704519999999995,0
410,20150916T151027.555014_left_3_74_32.jpg,9306.6,7298.44,473.30300000000005,9412.56,7192.48,36.368,253.14700000000002,138.504,69.1724,2220.08,1
164,20150916T151024.688583_right_N_43_37.jpg,9.88468,406.467,18.0778,407.289,9.06232,8.37307,67.6092,21.915,13.345999999999998,398.22668,0
555,20150916T151028.435618_right_3_91_25.jpg,4593.26,5407.11,543.742,5679.33,4321.04,36.4459,253.33599999999998,181.88099999999997,71.4134,1358.29,1
114,20150916T151027.866000_right_N_25_45.jpg,87.631,2941.21,198.375,2954.94,73.9064,18.6794,178.44,68.4588,30.0145,2881.0336,0
266,20150916T151027.866000_right_N_63_48.jpg,23.9699,1437.59,-32.3608,1438.33,23.2295,36.3705,201.998,76.9345,21.8311,1415.1005,0
471,20150916T151025.085992_left_3_54_37.jpg,8724.5,8292.11,216.625,8814.36,8202.26,52.8759,245.354,119.17200000000001,53.4889,612.1,1
69,20150916T151023.346577_left_N_59_29.jpg,4162.97,4567.4,-570.2,4970.18,3760.19,76.0577,250.861,142.148,49.3749,1209.99,0
514,20150916T151037.437838_right_3_96_27.jpg,5214.75,4423.91,201.299,5263.04,4375.62,40.0772,253.09599999999998,180.023,71.3823,887.42,1
451,20150916T151028.435618_left_3_95_24.jpg,2958.09,5380.12,540.15,5495.12,2843.09,28.3343,253.35299999999998,168.798,74.6362,2652.03,1
99,20150916T151027.267104_right_N_14_59.jpg,154.815,1654.1,424.45,1765.92,42.9924,55.3169,241.99,76.5905,41.472,1722.9276,0
36,20150916T151022.974987_left_N_48_30.jpg,1364.66,3323.21,-372.94300000000004,3391.82,1296.05,84.4738,237.78099999999998,137.186,39.6755,2095.77,0
215,20150916T151029.634618_left_N_73_33.jpg,133.47299999999998,517.376,46.8507,523.011,127.838,82.2,190.234,104.535,17.6707,395.173,0
223,20150916T151022.974987_right_N_71_10.jpg,5.686640000000001,2.88265,2.3476,7.019019999999999,1.55027,245.667,253.958,252.26,1.4293200000000001,5.46875,0
336,20150916T151022.305716_left_12_76_41.jpg,6973.9,11317.9,-260.033,11333.4,6958.39,35.2106,252.799,130.39600000000002,73.7646,4375.01,1
340,20150916T151022.060481_left_28_76_41.jpg,11925.0,8476.34,136.914,11930.4,8470.92,35.5397,252.748,105.535,62.0915,3459.48,1
95,20150916T151027.866000_right_N_63_58.jpg,34.1033,31.5918,-10.3397,43.2632,22.4319,49.773,87.39299999999999,68.2027,8.3551,20.8313,0
326,20150916T151022.305716_left_28_76_41.jpg,11967.2,8479.85,140.596,11972.9,8474.19,35.7115,252.82,105.50200000000001,62.0506,3498.71,1
286,20150916T151025.085992_left_N_11_35.jpg,14.9873,75.3736,-4.1052599999999995,75.6514,14.7095,11.1054,69.2227,30.7214,14.4222,60.9419,0
485,20150916T151022.060481_right_3_54_35.jpg,6543.48,4944.33,295.949,6596.5,4891.32,66.1664,250.707,132.186,48.0898,1705.18,1
529,20150916T151027.866000_right_3_75_31.jpg,8330.57,6110.2,440.376,8414.73,6026.05,39.4604,253.331,165.359,69.9378,2388.68,1
325,20150916T151038.865165_right_3_80_35.jpg,7233.74,5809.42,146.532,7248.66,5794.5,60.9906,252.669,198.234,55.243,1454.16,1
528,20150916T151025.085992_left_12_55_38.jpg,8405.33,9819.52,57.476000000000006,9821.85,8403.0,52.1207,251.984,140.964,62.4455,1418.85,1
316,20150916T151023.620874_right_N_15_14.jpg,73.334,180.982,-42.6124,195.808,58.5079,36.4717,85.1518,60.6598,13.9644,137.3001,0
379,20150916T151024.010245_left_3_67_40.jpg,6889.8,12705.9,-195.011,12712.4,6883.27,43.4532,250.60299999999998,136.29,60.621,5829.13,1
144,20150916T151024.688583_right_N_58_16.jpg,165.02599999999998,112.45,-8.862639999999999,166.479,110.99600000000001,172.475,253.412,230.635,27.6522,55.483000000000004,0
442,20150916T151026.451457_left_12_52_36.jpg,7350.48,10158.4,219.567,10175.4,7333.41,51.3612,253.054,140.412,71.6535,2841.99,1
158,20150916T151025.085992_left_N_11_27.jpg,43.4294,92.7679,-12.0134,95.5376,40.6597,11.0932,65.335,30.504,10.7354,54.8779,0
554,20150916T151022.305716_right_12_54_35.jpg,7800.74,4926.44,728.2589999999999,7974.73,4752.45,63.3298,250.63299999999998,130.187,48.4628,3222.28,1
391,20150916T151024.358708_right_3_66_40.jpg,5674.47,11963.1,-388.848,11987.1,5650.52,48.607,251.59599999999998,145.685,57.4351,6336.58,1
290,20150916T151029.634618_right_N_73_33.jpg,152.10399999999998,143.164,-17.8014,165.988,129.28,91.8556,222.46,133.378,29.2934,36.708,0
387,20150916T151022.305716_right_12_40_29.jpg,1964.37,3442.72,23.9094,3443.11,1963.98,25.3573,199.31900000000002,93.0194,43.0286,1479.13,1
28,20150916T151037.437838_left_N_83_61.jpg,1574.19,1297.73,-463.907,1920.02,951.893,65.4733,249.19799999999998,118.89200000000001,50.315,968.127,0
406,20150916T151030.421114_left_12_38_28.jpg,850.498,3661.25,-53.7714,3662.28,849.47,29.291999999999998,214.89700000000002,102.74799999999999,43.1805,2812.81,1
440,20150916T151026.451457_right_28_51_39.jpg,2914.21,7652.78,-921.403,7825.64,2741.35,68.6551,251.013,152.386,53.2856,5084.29,1
39,20150916T151025.085992_left_N_12_50.jpg,0.961061,75.9561,-3.654,76.1337,0.783447,25.6324,66.8158,51.2623,12.4822,75.35025300000001,0
143,20150916T151028.769482_right_N_70_76.jpg,20.4992,54.172,-14.7403,59.7129,14.9583,47.9672,96.8737,60.5976,9.79803,44.7546,0
331,20150916T151024.358708_left_28_77_36.jpg,13266.8,10007.9,-274.177,13289.7,9984.95,36.2589,251.769,126.738,72.1985,3304.75,1
382,20150916T151025.085992_right_3_57_30.jpg,3981.02,6475.25,-247.52700000000002,6499.58,3956.7,66.33800000000001,249.546,150.803,45.5791,2542.88,1
530,20150916T151023.620874_right_3_66_40.jpg,6158.61,11424.0,-358.221,11448.2,6134.35,49.4604,251.52599999999998,143.438,56.2397,5313.85,1
411,20150916T151027.267104_left_12_48_35.jpg,3120.93,3457.1,192.63099999999997,3544.67,3033.36,54.6439,252.267,108.87200000000001,52.6691,511.31,1
392,20150916T151027.267104_left_3_70_34.jpg,9985.49,6934.81,426.245,10043.9,6876.38,44.086000000000006,253.403,151.273,67.2603,3167.52,1
19,20150916T151023.620874_left_N_11_49.jpg,1.08004,112.781,-3.53407,112.89200000000001,0.9683370000000001,27.2068,66.3102,54.5971,11.5421,111.92366299999999,0
434,20150916T151025.085992_right_3_66_39.jpg,10761.5,10244.4,460.906,11031.5,9974.49,47.4994,251.859,142.083,62.1764,1057.01,1
137,20150916T151027.267104_right_N_28_24.jpg,16.0744,175.727,-29.7971,181.107,10.6944,203.94799999999998,253.40599999999998,251.328,6.76744,170.4126,0
116,20150916T151024.010245_left_N_10_12.jpg,22.4254,66.7303,32.0565,83.5439,5.61185,216.166,253.638,247.274,10.2266,77.93205,0
13,20150916T151022.629995_right_N_66_24.jpg,1260.98,651.9169999999999,-13.1801,1261.26,651.631,153.358,253.12400000000002,217.176,25.1397,609.629,0
31,20150916T151022.060481_right_N_98_73.jpg,44.3252,119.26799999999999,-11.9306,121.12100000000001,42.4718,34.1297,77.1456,61.6414,9.48445,78.6492,0
86,20150916T151022.305716_left_N_52_51.jpg,34.1131,81.6021,-0.750521,81.61399999999999,34.1012,73.7637,97.2952,84.7489,5.60594,47.5128,0
25,20150916T151022.305716_left_N_52_42.jpg,19.6162,115.694,-8.91153,116.514,18.7966,57.3324,104.96600000000001,80.404,11.1871,97.7174,0
453,20150916T151029.118877_right_12_34_28.jpg,2107.93,6697.89,97.2453,6699.95,2105.87,46.2503,251.733,117.06299999999999,61.5969,4594.08,1
196,20150916T151027.555014_right_N_75_40.jpg,6.37911,1186.44,-21.8472,1186.85,5.9747699999999995,46.5656,178.795,81.8992,19.9264,1180.87523,0
32,20150916T151027.267104_left_N_14_27.jpg,4.63961,47.1795,-4.51161,47.6527,4.16639,28.8924,52.8695,38.4588,6.05247,43.486309999999996,0
64,20150916T151023.346577_left_N_59_13.jpg,16.2793,93.8236,5.41185,94.1995,15.9034,200.983,253.405,243.99400000000003,16.8295,78.2961,0
124,20150916T151027.555014_right_N_47_17.jpg,465.108,1291.13,-436.43199999999996,1478.99,277.245,70.1798,253.396,170.717,72.9474,1201.745,0
543,20150916T151037.437838_right_12_67_27.jpg,4236.82,1533.81,-27.3552,4237.1,1533.54,102.59700000000001,253.27200000000002,219.662,36.8936,2703.56,1
187,20150916T151024.358708_left_N_82_19.jpg,284.248,1396.74,-247.53,1449.33,231.65900000000002,27.2489,159.125,56.16,23.8607,1217.671,0
427,20150916T151027.866000_left_12_56_32.jpg,5519.99,7698.24,-492.14599999999996,7804.27,5413.95,52.3191,253.093,146.906,67.0713,2390.32,1
513,20150916T151022.974987_left_28_76_37.jpg,12852.3,10698.2,-80.0164,12855.3,10695.2,38.275,252.817,131.77700000000002,70.8166,2160.1,1
549,20150916T151028.435618_right_12_60_30.jpg,5411.6,5588.34,-0.5592229999999999,5588.34,5411.59,58.8314,253.275,157.045,64.7618,176.75,1
136,20150916T151025.085992_left_N_12_99.jpg,66.2819,636.314,162.747,679.5060000000001,23.0897,162.214,250.238,232.88299999999998,18.15,656.4163,0
337,20150916T151025.085992_right_28_54_37.jpg,4942.02,5992.98,-36.6403,5994.25,4940.75,62.2669,250.71400000000003,137.226,52.0495,1053.5,1
110,20150916T151038.865165_right_N_65_49.jpg,128.748,1083.16,-65.4242,1087.63,124.28399999999999,67.9702,225.74,145.606,23.8643,963.346,0
133,20150916T151023.346577_left_N_59_76.jpg,42.8113,92.3096,-6.46743,93.1407,41.9803,38.6807,61.1068,51.8228,4.52369,51.1604,0
278,20150916T151022.305716_right_N_52_42.jpg,21.1571,78.4846,-3.36635,78.6816,20.9601,64.1766,102.229,84.3762,9.463610000000001,57.7215,0
403,20150916T151031.840568_left_3_41_29.jpg,1244.66,3870.75,-104.186,3874.88,1240.54,37.915,208.562,86.6234,32.0685,2634.34,1
244,20150916T151024.688583_right_N_22_15.jpg,266.027,502.102,-213.745,628.236,139.893,84.0658,253.54,205.30900000000003,57.4631,488.343,0
171,20150916T151027.866000_right_N_63_26.jpg,1903.7,3494.22,-332.78,3561.04,1836.88,60.2389,252.331,163.905,68.3945,1724.16,0
280,20150916T151037.437838_left_N_83_20.jpg,1579.76,2122.43,332.444,2280.21,1421.98,61.0983,253.408,184.487,66.6379,858.23,0
478,20150916T151027.267104_left_12_49_32.jpg,5173.72,8038.9,-6.5712,8038.92,5173.7,48.9225,252.321,140.731,65.7012,2865.22,1
157,20150916T151026.139450_right_N_94_23.jpg,3630.16,249.577,-180.074,3639.72,240.012,87.1491,213.856,137.498,21.607,3399.708,0
197,20150916T151028.769482_right_N_96_11.jpg,2079.38,2226.55,1501.52,3656.28,649.64,79.0679,253.054,232.24200000000002,36.8669,3006.64,0
311,20150916T151025.085992_right_N_12_31.jpg,56.5693,3291.53,329.05199999999996,3324.66,23.4383,36.5591,160.747,75.2891,34.4386,3301.2217,0
475,20150916T151027.267104_right_3_48_31.jpg,15461.4,4047.52,1087.05,15564.0,3944.91,63.4318,245.963,153.355,49.2064,11619.09,1
229,20150916T151026.139450_right_N_33_80.jpg,5.21369,75.695,4.70425,76.0076,4.9011,47.1863,93.9129,83.5604,14.022,71.1065,0
589,20150916T151023.346577_right_12_54_39.jpg,7084.62,10712.3,1588.16,11309.3,6487.59,65.5297,251.408,148.438,61.5662,4821.71,1
318,20150916T151026.451457_left_N_41_53.jpg,21.6984,37.282,9.31714,41.6361,17.3444,35.598,78.5758,62.203,8.447410000000001,24.2917,0
327,20150916T151038.563762_right_3_79_35.jpg,6757.02,6144.69,-14.0174,6757.34,6144.37,59.9813,252.437,194.09400000000002,56.9847,612.97,1
515,20150916T151027.267104_right_12_47_32.jpg,7815.31,8289.04,-52.5545,8294.8,7809.55,43.9974,252.403,138.721,66.1877,485.25,1
435,20150916T151027.267104_left_12_50_30.jpg,7442.85,9057.95,-386.333,9145.6,7355.2,47.7721,250.196,148.793,64.192,1790.4,1
452,20150916T151028.769482_right_3_25_29.jpg,712.262,2209.51,-76.1695,2213.38,708.3969999999999,35.5484,173.817,74.3581,32.8028,1504.983,1
348,20150916T151028.435618_right_12_91_39.jpg,3009.16,7435.28,57.5257,7436.03,3008.41,57.9615,249.26,126.897,50.6522,4427.62,1
533,20150916T151026.451457_right_12_50_34.jpg,6817.29,7835.41,-38.7931,7836.89,6815.82,48.542,253.15099999999998,133.89700000000002,61.2306,1021.07,1
353,20150916T151022.974987_right_3_54_35.jpg,6557.46,4946.46,302.025,6612.23,4891.7,65.9555,250.947,132.21,48.1389,1720.53,1
557,20150916T151022.060481_right_12_54_39.jpg,7061.74,10647.8,1585.92,11248.5,6461.01,64.7978,251.037,148.202,61.4691,4787.49,1
236,20150916T151023.346577_right_N_11_68.jpg,29.0002,113.559,-17.9779,117.22200000000001,25.3366,51.8264,94.8115,62.9795,5.48289,91.8854,0
458,20150916T151024.010245_right_28_74_37.jpg,11362.9,8982.94,132.792,11370.3,8975.55,46.8401,252.093,152.953,69.6694,2394.75,1
444,20150916T151023.346577_right_12_57_32.jpg,3456.74,8611.12,454.543,8650.9,3416.97,62.9634,235.762,145.69899999999998,40.5512,5233.93,1
581,20150916T151022.974987_right_12_57_31.jpg,2433.99,5959.36,196.655,5970.3,2423.06,42.4673,237.752,132.007,51.9935,3547.24,1
96,20150916T151022.305716_right_N_52_51.jpg,25.215999999999998,58.6411,9.50797,61.1564,22.7007,67.3034,96.7454,84.4871,7.03022,38.4557,0
308,20150916T151026.139450_right_N_94_21.jpg,2690.43,930.0,-138.03,2701.19,919.243,87.2535,244.834,147.35299999999998,33.1943,1781.9470000000001,0
360,20150916T151022.060481_right_28_74_37.jpg,10960.4,8843.66,148.451,10970.8,8833.3,46.7044,252.007,154.156,69.5591,2137.5,1
74,20150916T151024.358708_right_N_32_68.jpg,18.0525,76.5231,22.2357,84.0184,10.5573,47.7928,74.6438,61.2732,6.95034,73.4611,0
120,20150916T151036.927689_left_N_10_21.jpg,509.78,2910.65,568.073,3038.28,382.152,44.8966,253.122,206.28099999999998,64.4256,2656.1279999999997,0
299,20150916T151024.010245_right_N_51_36.jpg,843.4019999999999,503.84,116.28,879.404,467.838,61.5696,164.4,90.134,18.4492,411.566,0
378,20150916T151022.629995_right_12_74_41.jpg,12168.8,9556.89,97.0764,12172.4,9553.29,47.2367,252.391,133.332,66.793,2619.11,1
214,20150916T151027.866000_right_N_60_23.jpg,1668.79,3821.35,-321.618,3868.38,1621.76,45.9883,253.39,162.739,72.2872,2246.62,0
374,20150916T151024.688583_right_3_66_39.jpg,9900.5,10616.3,142.009,10643.4,9873.36,48.4549,250.96099999999998,139.061,58.2012,770.04,1
301,20150916T151026.451457_right_N_16_62.jpg,49.8584,79.7264,18.6376,88.6751,40.9097,56.8441,86.2235,66.4758,4.6744699999999995,47.7654,0
493,20150916T151025.085992_left_28_54_36.jpg,7367.83,7578.16,536.0459999999999,8019.26,6926.73,55.3169,251.58599999999998,117.941,55.1575,1092.53,1
537,20150916T151022.305716_left_28_76_38.jpg,11451.7,14866.5,110.807,14870.1,11448.1,38.1079,252.80599999999998,138.909,72.333,3422.0,1
463,20150916T151027.866000_right_3_76_31.jpg,6620.18,7406.14,608.177,7737.25,6289.07,39.4453,253.168,167.674,71.9607,1448.18,1
248,20150916T151025.085992_left_N_12_51.jpg,0.9275120000000001,84.6844,-4.48606,84.92399999999999,0.687921,25.4776,66.922,51.2544,12.9014,84.236079,0
334,20150916T151023.346577_right_28_40_29.jpg,2240.16,2923.58,176.42700000000002,2966.44,2197.3,27.2438,196.77900000000002,90.4044,38.6238,769.14,1
578,20150916T151027.866000_right_12_52_30.jpg,8405.46,6720.92,613.58,8605.25,6521.13,46.4307,253.24599999999998,148.235,62.3428,2084.12,1
193,20150916T151024.010245_right_N_10_73.jpg,19.3772,114.789,-22.281999999999996,119.736,14.43,56.3025,74.8932,64.5142,3.72974,105.306,0
588,20150916T151027.866000_left_3_80_30.jpg,7832.32,7024.74,345.787,7960.14,6896.91,34.7844,252.90099999999998,165.09599999999998,69.2089,1063.23,1
446,20150916T151022.629995_right_3_54_35.jpg,6518.21,4961.4,303.43,6575.26,4904.35,66.2936,250.99200000000002,132.156,48.0002,1670.91,1
145,20150916T151024.358708_right_N_82_62.jpg,644.557,2464.41,-793.691,2761.93,347.04400000000004,37.8891,205.39,80.8929,28.1615,2414.886,0
341,20150916T151027.555014_left_12_52_32.jpg,6597.7,8097.12,-380.56800000000004,8188.18,6506.64,49.9166,252.78099999999998,143.82,67.0068,1681.54,1
262,20150916T151025.085992_right_N_12_99.jpg,140.591,1524.18,372.00199999999995,1617.86,46.9146,134.314,251.665,234.46400000000003,21.8878,1570.9454,0
428,20150916T151024.358708_left_3_67_40.jpg,11283.6,10736.0,201.93200000000002,11350.0,10669.5,42.8361,251.171,127.50299999999999,61.0583,680.5,1
9,20150916T151027.555014_right_N_47_49.jpg,173.05700000000002,3751.03,205.27599999999998,3762.77,161.319,56.4644,251.726,88.8817,43.7163,3601.4509999999996,0
547,20150916T151022.060481_right_3_66_40.jpg,6615.33,11163.6,-322.415,11186.3,6592.58,50.0132,250.94099999999997,142.171,56.161,4593.72,1
576,20150916T151023.346577_right_12_41_29.jpg,1935.32,3404.37,305.39799999999997,3465.33,1874.37,25.0569,197.77,92.9364,43.4243,1590.96,1
363,20150916T151024.010245_left_28_76_37.jpg,13266.1,11014.6,-194.732,13282.8,10997.8,37.6455,252.363,129.915,71.3018,2285.0,1
10,20150916T151027.866000_left_N_60_33.jpg,2514.18,3433.36,109.31700000000001,3446.18,2501.36,31.7986,237.31400000000002,85.7499,38.4138,944.82,0
29,20150916T151022.629995_right_N_11_75.jpg,20.526,73.865,-19.058,79.9746,14.4164,53.6953,72.9061,62.5026,4.0535,65.5582,0
416,20150916T151023.620874_right_28_74_37.jpg,10435.8,8694.34,11.0896,10435.9,8694.27,46.6143,252.149,157.175,68.5204,1741.63,1
231,20150916T151027.267104_right_N_42_11.jpg,24.2228,408.865,-14.4511,409.407,23.6807,162.533,253.454,248.108,16.2966,385.7263,0
405,20150916T151029.634618_right_28_88_34.jpg,4594.7,4721.37,429.17199999999997,5091.85,4224.21,95.5573,250.957,171.342,43.1215,867.64,1
535,20150916T151027.555014_right_12_49_32.jpg,6374.88,8966.77,-331.07599999999996,9008.39,6333.26,44.4977,252.44400000000002,140.446,67.4062,2675.13,1
257,20150916T151038.865165_right_N_65_64.jpg,318.564,116.14299999999999,23.7259,321.307,113.399,78.8769,159.25799999999998,116.949,14.5792,207.908,0
509,20150916T151024.358708_right_3_54_35.jpg,6716.23,5404.2,-20.0444,6716.53,5403.9,65.1718,251.618,132.833,48.6746,1312.63,1
107,20150916T151022.305716_left_N_51_43.jpg,23.5853,148.634,-12.3461,149.841,22.378,58.613,114.08,78.7803,12.1459,127.463,0
106,20150916T151026.139450_right_N_10_40.jpg,10.932,313.503,31.813000000000002,316.812,7.623289999999999,32.9752,125.646,57.373999999999995,16.2506,309.18871,0
40,20150916T151027.555014_right_N_47_59.jpg,426.389,639.979,269.673,823.2339999999999,243.13400000000001,51.2889,225.452,67.1917,16.17,580.1,0
398,20150916T151036.927689_left_12_77_24.jpg,5040.43,3399.59,-92.0747,5045.58,3394.44,63.49,253.31900000000002,199.467,52.1375,1651.14,1
371,20150916T151022.305716_right_12_57_31.jpg,2440.77,6009.82,189.83,6019.89,2430.7,42.6827,236.903,132.01,52.0828,3589.19,1
62,20150916T151023.620874_left_N_51_56.jpg,135.865,404.61699999999996,15.1886,405.472,135.01,65.0324,134.57399999999998,78.1342,7.7077100000000005,270.462,0
355,20150916T151022.629995_right_12_57_31.jpg,2436.91,5968.59,194.81799999999998,5979.3,2426.2,43.0377,236.78900000000002,132.097,52.0124,3553.1,1
517,20150916T151036.554276_left_12_82_19.jpg,5303.38,3304.79,8.635019999999999,5303.42,3304.75,52.5382,253.18900000000002,200.238,55.8542,1998.67,1
191,20150916T151027.866000_right_N_60_59.jpg,987.635,495.24199999999996,-189.91400000000002,1052.37,430.504,31.8785,188.52599999999998,68.0966,18.9478,621.866,0
130,20150916T151022.305716_right_N_52_74.jpg,679.2460000000001,3520.8,-499.23699999999997,3605.96,594.086,27.6842,248.68200000000002,101.43,70.7948,3011.8740000000003,0
520,20150916T151026.451457_left_28_52_35.jpg,7014.96,8686.72,355.73400000000004,8759.27,6942.42,51.3729,252.766,130.687,67.998,1816.85,1
404,20150916T151027.866000_left_3_80_31.jpg,8246.48,7455.06,373.81699999999995,8395.12,7306.41,34.8582,252.717,167.02700000000002,68.812,1088.71,1
447,20150916T151028.769482_right_3_98_37.jpg,384.95099999999996,6018.97,228.56400000000002,6028.22,375.694,61.0294,218.283,128.493,43.7144,5652.526,1
541,20150916T151031.067104_right_12_59_31.jpg,1253.5,4647.99,495.39,4718.81,1182.68,62.2158,239.577,107.663,37.8082,3536.13,1
33,20150916T151027.267104_right_N_14_9.jpg,1151.65,2753.6,-1087.33,3303.12,602.127,44.836000000000006,252.51,149.039,63.8678,2700.993,0
272,20150916T151024.358708_left_N_12_45.jpg,0.22733499999999998,1.66642,0.201968,1.69423,0.199528,247.83900000000003,253.112,250.544,1.3306200000000001,1.494702,0
103,20150916T151028.435618_left_N_16_26.jpg,132.16299999999998,252.21099999999998,-19.3908,255.265,129.108,25.5397,131.578,50.6598,19.3938,126.15700000000001,0
583,20150916T151027.267104_right_28_92_22.jpg,4830.76,5799.73,-322.509,5897.26,4733.23,23.5909,253.132,152.616,83.2357,1164.03,1
163,20150916T151028.435618_right_N_67_14.jpg,293.509,5471.78,-722.471,5570.69,194.59900000000002,64.7611,253.331,187.89,60.9359,5376.090999999999,0
503,20150916T151025.085992_right_28_77_36.jpg,12724.4,11087.9,583.8009999999999,12911.4,10901.0,40.9528,252.925,140.495,74.9349,2010.4,1
224,20150916T151023.620874_left_N_15_14.jpg,493.06800000000004,993.688,-342.44,1167.55,319.20799999999997,39.671,204.637,62.6353,26.5287,848.342,0
20,20150916T151026.139450_right_N_68_76.jpg,23.6947,10.8776,1.2184700000000002,23.8095,10.7628,43.9217,68.0611,54.5182,6.828469999999999,13.0467,0
263,20150916T151025.085992_right_N_11_30.jpg,14.5148,65.6145,-0.9018639999999999,65.6304,14.4989,17.0325,44.0801,31.3184,4.5862099999999995,51.1315,0
282,20150916T151036.927689_right_N_57_46.jpg,358.38699999999994,827.9860000000001,267.21299999999997,948.9010000000001,237.47099999999998,67.596,247.165,109.334,28.974,711.43,0
201,20150916T151022.305716_right_N_82_25.jpg,1490.49,3388.25,1028.73,3838.89,1039.85,50.0499,250.3,155.269,83.0116,2799.04,0
207,20150916T151031.067104_right_N_70_34.jpg,32.7671,111.844,7.55175,112.55799999999999,32.0523,30.2914,57.0654,42.3028,4.98717,80.5057,0
352,20150916T151024.010245_right_12_57_31.jpg,2404.29,5951.41,60.4805,5952.44,2403.26,41.961999999999996,236.997,131.44299999999998,52.1582,3549.18,1
495,20150916T151027.267104_left_3_70_33.jpg,9451.01,6491.17,399.631,9504.02,6438.16,44.2035,253.278,149.506,66.2477,3065.86,1
122,20150916T151029.118877_right_N_12_21.jpg,1206.13,3565.32,663.505,3739.12,1032.33,41.1246,245.757,138.839,63.8874,2706.79,0
240,20150916T151022.629995_right_N_11_58.jpg,13.0946,50.6868,-8.54376,52.5375,11.2439,55.8712,71.5211,64.3354,2.8592,41.2936,0
339,20150916T151027.866000_right_3_52_31.jpg,5221.58,9739.37,41.3387,9739.74,5221.2,46.0168,249.202,138.517,65.5186,4518.54,1
385,20150916T151028.769482_right_12_70_34.jpg,409.416,8684.76,121.75200000000001,8686.55,407.625,55.2425,225.475,127.74600000000001,38.2713,8278.925,1
304,20150916T151022.060481_right_N_98_35.jpg,4080.94,1280.23,292.503,4111.17,1250.01,34.8516,205.607,80.4883,50.0874,2861.16,0
71,20150916T151029.634618_left_N_28_27.jpg,607.741,2604.03,-345.30300000000005,2662.07,549.701,17.4431,253.08700000000002,78.3798,72.7163,2112.369,0
252,20150916T151026.451457_left_N_16_71.jpg,8.938260000000001,39.8494,13.7259,45.0645,3.72316,42.8029,62.1543,51.1119,4.2097,41.34134,0
461,20150916T151022.629995_right_3_66_40.jpg,6534.34,11140.5,-294.361,11159.3,6515.6,49.4243,251.458,142.312,56.0811,4643.7,1
141,20150916T151027.555014_right_N_75_26.jpg,117.50299999999999,849.59,-30.4443,850.8539999999999,116.23899999999999,70.8128,252.97,193.149,72.7671,734.615,0
534,20150916T151024.358708_right_12_54_39.jpg,8934.0,9795.5,779.265,10255.1,8474.35,61.037,251.22299999999998,147.89600000000002,59.4071,1780.75,1
123,20150916T151026.451457_left_N_16_43.jpg,11.5297,125.601,8.72235,126.264,10.8666,21.5344,90.4327,48.9858,20.475,115.3974,0
560,20150916T151023.346577_right_3_54_35.jpg,6533.66,4954.06,284.971,6583.5,4904.22,65.9865,251.37900000000002,132.245,48.1031,1679.28,1
361,20150916T151022.974987_right_12_41_29.jpg,1823.96,3470.91,193.388,3493.32,1801.56,25.4213,197.357,93.2426,44.17100000000001,1691.76,1
437,20150916T151022.060481_right_12_40_29.jpg,2047.22,3286.73,-88.7691,3293.05,2040.9,27.6431,196.007,92.0696,41.5136,1252.15,1
129,20150916T151027.267104_right_N_14_91.jpg,788.765,1873.42,-674.41,2196.51,465.675,33.1827,235.33599999999998,91.7717,54.7825,1730.835,0
497,20150916T151026.451457_right_28_84_28.jpg,8740.7,6117.42,447.60900000000004,8814.97,6043.14,31.5181,253.21200000000002,152.18,78.2099,2771.83,1
41,20150916T151024.358708_left_N_88_58.jpg,11.714,35.6348,-8.9574,38.6172,8.73162,54.0282,76.8362,64.7174,5.74239,29.885579999999997,0
179,20150916T151027.555014_left_N_11_47.jpg,1667.36,1951.09,-558.99,2385.94,1232.52,51.074,253.158,113.743,72.2585,1153.42,0
542,20150916T151022.629995_left_28_76_38.jpg,11429.3,14848.9,121.921,14853.2,11425.0,38.4245,253.024,139.009,72.3372,3428.2,1
419,20150916T151026.139450_left_28_85_30.jpg,10911.5,7752.45,268.448,10934.1,7729.8,25.8862,253.362,134.97299999999998,82.1793,3204.3,1
566,20150916T151037.437838_left_12_70_28.jpg,5834.75,2581.39,-140.835,5840.84,2575.31,81.7322,253.47099999999998,214.19099999999997,45.6026,3265.53,1
1,20150916T151038.563762_right_N_13_13.jpg,492.05,308.683,18.9921,493.996,306.737,55.0201,195.021,128.717,42.6936,187.25900000000001,0
14,20150916T151028.435618_left_N_16_61.jpg,191.44299999999998,1596.49,-273.878,1647.98,139.945,56.2076,253.407,200.928,75.3087,1508.035,0
486,20150916T151026.451457_right_3_67_36.jpg,11165.6,7396.89,65.1035,11166.7,7395.77,47.9529,253.145,153.921,61.632,3770.93,1
92,20150916T151026.139450_right_N_11_49.jpg,2.67766,53.4121,-4.46529,53.8021,2.28766,33.0347,77.2397,59.9947,13.1656,51.51444,0
60,20150916T151024.688583_left_N_43_37.jpg,33.7297,306.812,13.753,307.503,33.0388,10.6033,68.5407,27.5506,10.3659,274.4642,0
89,20150916T151027.267104_right_N_14_27.jpg,17.3336,101.118,-6.65402,101.64299999999999,16.8085,28.0295,70.8414,44.0692,9.22812,84.8345,0
504,20150916T151024.688583_left_28_55_36.jpg,6247.46,6362.25,562.126,6869.9,5739.81,51.8886,250.554,114.396,52.3034,1130.09,1
212,20150916T151024.358708_right_N_88_61.jpg,19.5295,40.2857,-6.35498,42.0768,17.7383,60.4083,79.0533,69.9739,4.12277,24.3385,0
595,20150916T151027.555014_left_3_52_30.jpg,5816.59,8517.4,-658.548,8669.42,5664.57,48.9597,250.104,144.10399999999998,65.2891,3004.85,1
506,20150916T151025.085992_left_3_57_31.jpg,2400.27,6592.54,-778.459,6732.43,2260.39,64.6019,244.83,148.415,47.49,4472.04,1
462,20150916T151022.629995_left_28_76_41.jpg,11972.2,8473.35,130.641,11977.1,8468.48,35.5038,252.99599999999998,105.573,62.1336,3508.62,1
510,20150916T151028.435618_right_12_62_42.jpg,2496.62,7724.44,135.04399999999998,7727.93,2493.13,80.71300000000001,251.85,172.49,50.6407,5234.8,1
154,20150916T151023.620874_left_N_63_52.jpg,50.5389,81.5527,4.08358,82.0814,50.0103,66.3953,106.366,83.9382,6.41066,32.0711,0
368,20150916T151023.346577_right_28_74_37.jpg,10997.1,8859.53,126.99600000000001,11004.6,8852.01,46.3918,252.231,154.34799999999998,69.5587,2152.59,1
320,20150916T151031.840568_left_N_11_12.jpg,18.558,74.9176,22.2302,82.6304,10.8451,114.84200000000001,186.36,138.466,14.1298,71.7853,0
128,20150916T151025.085992_left_N_11_54.jpg,3.0342,28.8578,4.34815,29.5702,2.32173,49.1642,70.2384,60.0798,4.395630000000001,27.24847,0
121,20150916T151023.346577_left_N_11_68.jpg,251.44799999999998,2333.52,-643.099,2516.14,68.8292,25.4236,236.082,77.2134,51.7395,2447.3108,0
380,20150916T151024.010245_right_12_40_29.jpg,1992.9,3003.74,465.96,3185.76,1810.88,24.9239,196.922,91.3117,43.4791,1374.88,1
579,20150916T151026.451457_left_3_69_36.jpg,9223.76,7977.04,41.0747,9225.11,7975.69,41.2609,251.66,145.07299999999998,63.1096,1249.42,1
569,20150916T151027.866000_right_12_61_35.jpg,933.1439999999999,4166.85,-26.0263,4167.06,932.934,54.0872,236.03599999999997,118.941,40.4384,3234.1259999999997,1
85,20150916T151026.139450_left_N_10_63.jpg,34.6046,1252.88,-153.892,1272.02,15.4656,20.6455,240.407,66.6747,47.6793,1256.5544,0
459,20150916T151028.435618_right_28_91_42.jpg,972.477,7358.65,101.889,7360.28,970.852,61.3888,253.015,134.453,62.4722,6389.428000000001,1
507,20150916T151023.346577_left_12_76_41.jpg,7023.6,11268.2,-253.18400000000003,11283.3,7008.55,34.3863,252.782,130.379,73.717,4274.75,1
34,20150916T151022.305716_right_N_51_43.jpg,4.31963,94.6126,1.4308,94.6352,4.2969599999999994,63.0301,98.9622,82.8505,10.6671,90.33824,0
468,20150916T151036.927689_right_12_86_36.jpg,344.434,10489.9,20.4934,10489.9,344.39300000000003,84.8438,241.65099999999998,160.85,44.3614,10145.507,1
241,20150916T151038.563762_right_N_33_54.jpg,166.463,1025.82,263.481,1100.17,92.1115,99.2847,238.05,124.67,20.5945,1008.0585,0
183,20150916T151026.451457_left_N_59_66.jpg,37.1245,1100.7,72.2402,1105.58,32.2402,38.5816,214.977,63.3571,40.7767,1073.3398,0
274,20150916T151028.435618_right_N_33_69.jpg,8.71541,80.35,14.9666,83.3512,5.71416,48.5772,72.8683,61.6559,6.1554199999999994,77.63704,0
213,20150916T151026.139450_left_N_33_25.jpg,0.0664529,0.13530699999999998,-0.00931523,0.136545,0.0652149,252.55599999999998,253.479,252.982,0.111456,0.07133010000000001,0
400,20150916T151022.629995_right_28_74_37.jpg,10995.8,8853.96,132.252,11003.9,8845.82,47.0943,252.28099999999998,154.196,69.4791,2158.08,1
147,20150916T151022.629995_left_N_11_37.jpg,23.7798,1570.86,145.969,1584.51,10.1279,33.3989,144.134,58.5175,30.1424,1574.3821,0
310,20150916T151022.629995_right_N_11_24.jpg,108.917,2450.71,330.144,2496.36,63.2634,44.3785,243.33900000000003,176.78900000000002,56.803999999999995,2433.0966,0
264,20150916T151022.629995_right_N_10_67.jpg,50.5749,78.3434,-25.3185,93.3348,35.5836,53.9256,73.3331,64.1185,3.6040300000000003,57.7512,0
598,20150916T151037.437838_right_3_96_28.jpg,5546.69,4711.63,214.453,5598.55,4659.77,40.1437,253.0,180.93200000000002,71.7936,938.78,1
105,20150916T151022.305716_right_N_28_35.jpg,478.168,3821.8,-240.834,3839.06,460.91,20.6449,252.804,88.6975,71.0374,3378.15,0
298,20150916T151022.974987_left_N_71_50.jpg,16.2197,158.696,-7.679710000000001,159.108,15.8069,59.0857,102.14299999999999,80.9478,8.470419999999999,143.3011,0
174,20150916T151038.563762_right_N_33_15.jpg,827.096,2282.14,-293.517,2339.12,770.118,109.429,253.675,227.22099999999998,36.6197,1569.0020000000002,0
113,20150916T151026.451457_right_N_41_11.jpg,386.536,1054.25,-126.023,1077.24,363.543,64.3661,253.554,195.114,69.8934,713.697,0
469,20150916T151024.688583_left_12_57_32.jpg,1497.77,5345.37,-12.7402,5345.41,1497.73,39.4903,243.333,123.24799999999999,55.2367,3847.68,1
246,20150916T151026.139450_left_N_94_30.jpg,42.06,1045.02,163.015,1070.85,16.2297,59.1438,246.52200000000002,183.271,70.309,1054.6203,0
68,20150916T151023.346577_right_N_11_43.jpg,2.827,146.018,-5.8367,146.256,2.58948,25.3561,74.5935,51.2444,13.2119,143.66652,0
83,20150916T151022.974987_right_N_45_20.jpg,502.67199999999997,223.077,150.418,568.225,157.524,59.672,253.332,178.477,72.015,410.70099999999996,0
474,20150916T151022.974987_right_12_58_32.jpg,3328.05,8213.1,163.105,8218.54,3322.61,61.9188,237.93900000000002,140.77100000000002,37.9444,4895.93,1
470,20150916T151022.305716_right_28_74_37.jpg,10972.9,8868.49,155.934,10984.3,8857.0,47.163999999999994,252.15900000000002,154.18200000000002,69.5738,2127.3,1
135,20150916T151022.060481_right_N_20_93.jpg,702.212,2877.84,-953.893,3236.84,343.219,34.9224,242.42700000000002,105.846,54.2586,2893.6209999999996,0
156,20150916T151023.620874_left_N_51_46.jpg,129.83100000000002,446.08,35.5012,450.01599999999996,125.895,58.6676,134.679,80.9121,11.6406,324.121,0
242,20150916T151022.060481_left_N_98_82.jpg,7.6334,12.2701,-5.63131,16.0416,3.8618699999999997,41.5042,53.349,47.9608,2.71048,12.179730000000001,0
482,20150916T151022.629995_right_12_40_29.jpg,2019.4,3462.74,131.702,3474.66,2007.49,25.0876,199.157,92.4066,43.1366,1467.17,1
431,20150916T151027.866000_right_12_52_29.jpg,6964.51,6019.99,400.534,7111.49,5873.01,46.3477,253.378,142.094,63.5436,1238.48,1
73,20150916T151022.974987_left_N_71_10.jpg,1.36491,1.5275100000000001,0.738329,2.189,0.7034189999999999,247.87400000000002,253.422,252.24,1.32486,1.485581,0
559,20150916T151023.620874_left_28_76_38.jpg,11900.2,14767.5,3.82135,14767.5,11900.2,38.5398,252.48,138.093,72.1623,2867.3,1
104,20150916T151028.769482_left_N_53_79.jpg,19.9334,11.6715,-1.19855,20.1037,11.5011,48.6409,73.8176,59.5473,5.54057,8.6026,0
551,20150916T151026.451457_left_28_87_28.jpg,9842.26,7110.22,152.505,9850.75,7101.74,23.7884,253.185,134.795,83.3232,2749.01,1
346,20150916T151024.358708_right_28_75_36.jpg,11636.5,9394.45,599.7330000000001,11786.8,9244.1,45.8964,253.065,148.933,70.0873,2542.7,1
192,20150916T151029.634618_right_N_28_50.jpg,204.8,327.349,98.898,382.416,149.733,30.9473,183.915,88.6176,22.9993,232.683,0
498,20150916T151027.866000_right_12_52_33.jpg,7338.99,8279.98,350.88699999999994,8396.41,7222.55,46.1633,253.362,144.153,68.0108,1173.86,1
256,20150916T151026.139450_left_N_11_49.jpg,1.9356099999999998,29.1537,-2.92937,29.4655,1.62391,28.7436,66.0454,50.7139,10.5924,27.841590000000004,0
205,20150916T151024.688583_left_N_22_69.jpg,783.9789999999999,1167.92,-438.418,1454.55,497.344,68.8308,253.225,135.053,59.3188,957.206,0
556,20150916T151026.139450_right_28_82_31.jpg,10577.3,8004.34,-161.57,10587.4,7994.23,33.8758,253.146,167.077,80.1832,2593.17,1
531,20150916T151024.358708_left_28_77_37.jpg,13597.0,11175.9,-301.244,13633.9,11139.0,36.1223,251.90900000000002,130.924,72.2651,2494.9,1
449,20150916T151024.010245_right_12_54_39.jpg,4624.05,8865.46,978.7460000000001,9080.42,4409.09,58.5419,251.233,138.643,61.6169,4671.33,1
354,20150916T151029.634618_right_12_43_32.jpg,2850.61,8350.65,-177.283,8356.36,2844.9,54.3678,247.76,124.73700000000001,61.9106,5511.46,1
72,20150916T151023.620874_right_N_11_49.jpg,1.2544600000000001,190.40200000000002,-7.896730000000001,190.731,0.9253459999999999,27.3221,73.774,58.1242,13.0476,189.805654,0
519,20150916T151023.346577_right_12_57_31.jpg,2457.22,5950.17,181.887,5959.61,2447.78,43.4353,238.115,132.134,52.1309,3511.83,1
277,20150916T151023.346577_right_N_59_76.jpg,813.534,1741.14,859.0010000000001,2253.55,301.122,47.1903,236.767,90.3541,45.1388,1952.4279999999999,0
490,20150916T151030.421114_right_12_57_33.jpg,3346.9,7659.39,940.722,7855.66,3150.62,61.7354,245.481,142.235,59.2594,4705.04,1
315,20150916T151038.563762_left_N_33_54.jpg,32.5557,140.226,24.8624,145.689,27.0919,93.0853,138.089,117.821,8.60576,118.5971,0
466,20150916T151028.435618_right_3_91_23.jpg,3825.47,4189.49,344.83099999999996,4397.4,3617.57,37.6184,253.304,183.63299999999998,71.8547,779.83,1
165,20150916T151026.139450_left_N_94_23.jpg,33.7104,818.2330000000001,115.726,834.948,16.9957,175.52599999999998,248.47299999999998,234.185,12.7578,817.9523,0
190,20150916T151022.060481_left_N_98_66.jpg,21.2188,74.7882,31.0298,88.9946,7.01245,214.32,253.377,248.553,9.45814,81.98215,0
526,20150916T151022.629995_left_12_55_39.jpg,6689.41,8827.89,1159.24,9335.71,6181.59,67.8026,251.44400000000002,134.499,56.5969,3154.12,1
181,20150916T151026.451457_right_N_16_64.jpg,196.447,70.9319,2.59443,196.50099999999998,70.8783,56.8196,101.738,68.1874,7.47164,125.6227,0
23,20150916T151026.451457_left_N_16_64.jpg,5.63413,34.8781,9.564639999999999,37.7285,2.7837099999999997,44.8091,62.5471,54.4856,4.147390000000001,34.944790000000005,0
194,20150916T151025.085992_right_N_62_74.jpg,3746.6,4105.25,-2685.71,6617.61,1234.24,41.4605,247.00099999999998,116.30799999999999,69.516,5383.37,0
15,20150916T151024.358708_right_N_88_25.jpg,204.671,1868.11,317.61400000000003,1926.7,146.09,159.748,251.997,238.358,16.7785,1780.61,0
260,20150916T151022.305716_left_N_52_74.jpg,61.5837,105.81299999999999,24.9134,117.01100000000001,50.3857,40.8807,70.1599,53.9851,6.18842,66.6253,0
499,20150916T151023.346577_right_12_75_41.jpg,4459.48,11309.6,332.23800000000006,11325.7,4443.41,46.407,252.097,147.893,71.6683,6882.29,1
441,20150916T151027.555014_left_12_52_31.jpg,5195.07,7897.8,-486.97,7982.86,5110.0,49.905,252.808,143.904,66.7693,2872.86,1
408,20150916T151026.451457_right_3_51_45.jpg,3236.67,3072.09,362.718,3526.31,2782.44,84.9438,252.21599999999998,155.672,62.1937,743.87,1
417,20150916T151025.085992_left_12_54_38.jpg,8200.37,9221.82,406.535,9363.86,8058.32,52.6273,251.886,132.054,62.6101,1305.54,1
234,20150916T151023.346577_right_N_24_55.jpg,50.2104,1092.4,62.0211,1096.08,46.5325,60.1242,144.52700000000002,75.0022,12.0292,1049.5475,0
199,20150916T151024.358708_right_N_82_18.jpg,187.77900000000002,1064.24,-203.398,1109.15,142.878,30.5346,159.664,50.5541,20.7969,966.2719999999999,0
188,20150916T151027.267104_left_N_14_91.jpg,459.029,1201.62,-463.55,1424.24,236.405,34.3149,156.115,80.2473,31.3647,1187.835,0
591,20150916T151036.927689_right_12_73_22.jpg,4606.56,1695.57,-93.2058,4609.54,1692.59,76.9969,253.386,210.25900000000001,47.7652,2916.95,1
59,20150916T151037.437838_right_N_83_61.jpg,194.157,993.0369999999999,-314.14,1101.77,85.4274,34.7438,250.435,101.62200000000001,48.0061,1016.3426,0
593,20150916T151023.620874_right_12_54_39.jpg,4582.59,8324.08,1041.22,8594.33,4312.34,59.4393,251.202,136.991,60.9331,4281.99,1
293,20150916T151027.555014_left_N_87_25.jpg,50.9657,1714.34,58.6335,1716.4,48.9014,59.5648,250.922,226.097,42.9212,1667.4986,0
253,20150916T151028.435618_right_N_10_30.jpg,1921.22,1412.82,905.585,2607.61,726.438,76.2575,253.02200000000002,188.162,62.0945,1881.172,0
450,20150916T151027.555014_left_3_74_33.jpg,8399.0,8360.1,700.459,9080.28,7678.82,37.7502,253.368,159.308,70.2941,1401.46,1
430,20150916T151027.555014_left_12_52_33.jpg,5519.7,8735.27,-483.16,8806.3,5448.67,49.81100000000001,252.87,146.531,67.9905,3357.63,1
465,20150916T151029.634618_left_12_92_35.jpg,3498.48,6854.94,419.71,6906.63,3446.8,80.0569,250.628,167.25,49.4464,3459.83,1
48,20150916T151027.866000_left_N_25_10.jpg,1087.04,2834.34,-834.1669999999999,3168.62,752.755,50.3953,249.22099999999998,108.241,39.394,2415.865,0
550,20150916T151022.305716_right_12_58_32.jpg,3324.83,8240.88,176.078,8247.17,3318.53,61.7844,237.888,140.856,37.9596,4928.64,1
420,20150916T151023.346577_left_3_67_40.jpg,5431.91,12819.1,-527.755,12856.6,5394.4,42.6099,251.44,139.91299999999998,59.7207,7462.2,1
243,20150916T151027.866000_left_N_63_26.jpg,3933.15,5118.15,-136.634,5133.7,3917.6,46.7432,250.96,157.99,60.8151,1216.1,0
148,20150916T151028.435618_right_N_99_26.jpg,16.0076,516.043,44.6917,520.006,12.0446,40.2827,251.237,114.397,71.4737,507.9614,0
347,20150916T151024.010245_left_28_76_38.jpg,11258.4,15314.6,-79.1356,15316.1,11256.8,37.8036,252.477,140.868,73.9035,4059.3,1
305,20150916T151024.010245_right_N_37_62.jpg,48.8328,100.755,3.68245,101.014,48.5729,53.5696,80.9133,68.6294,7.02842,52.4411,0
37,20150916T151027.555014_left_N_47_59.jpg,45.8134,35.6034,2.65944,46.4646,34.9522,51.6591,77.7465,63.8437,6.104480000000001,11.5124,0
401,20150916T151024.688583_left_12_55_39.jpg,9201.36,8188.07,646.7959999999999,9516.32,7873.11,54.6702,250.488,127.234,58.2361,1643.21,1
175,20150916T151022.060481_right_N_11_16.jpg,136.615,962.885,262.253,1039.09,60.4066,57.5041,253.143,213.59599999999998,46.2447,978.6834,0
488,20150916T151027.267104_left_28_96_21.jpg,4731.81,4823.55,-404.397,5184.67,4370.69,21.0226,253.327,163.589,84.3873,813.98,1
564,20150916T151024.010245_left_12_55_39.jpg,8152.56,9099.71,842.785,9592.86,7659.41,67.1985,251.53799999999998,144.458,55.6397,1933.45,1
538,20150916T151024.358708_left_12_55_39.jpg,8531.56,9163.08,1245.0,10131.7,7562.9,64.1175,251.657,136.639,57.5518,2568.8,1
78,20150916T151022.974987_right_N_91_67.jpg,118.49799999999999,231.178,-97.8082,287.712,61.9636,28.8798,80.7867,61.4459,13.088,225.7484,0
57,20150916T151024.358708_left_N_32_68.jpg,7.8726899999999995,34.8823,5.10441,35.8148,6.940230000000001,54.3544,66.9904,61.6456,2.63964,28.874570000000002,0
312,20150916T151026.451457_right_N_16_71.jpg,303.369,80.7262,13.7605,304.217,79.87899999999999,56.8294,109.738,71.1511,9.82847,224.338,0
539,20150916T151023.620874_left_12_55_39.jpg,4787.19,7597.68,927.6439999999999,7876.25,4508.62,58.2734,251.658,132.614,55.8713,3367.63,1
218,20150916T151023.346577_right_N_12_21.jpg,88.6087,2494.47,352.899,2545.17,37.9128,42.9868,245.05,166.62,69.7636,2507.2572,0
296,20150916T151022.060481_right_N_12_10.jpg,0.205012,0.696199,0.165913,0.746989,0.154222,251.12900000000002,253.24099999999999,252.449,0.554433,0.592767,0
381,20150916T151036.207531_right_12_95_34.jpg,339.092,4921.07,283.06,4938.49,321.671,72.9658,232.821,138.678,41.5155,4616.819,1
200,20150916T151027.866000_left_N_25_37.jpg,5.07073,109.337,-4.41334,109.524,4.88426,20.8135,61.8755,39.4713,10.0285,104.63974,0
93,20150916T151022.974987_right_N_91_31.jpg,129.453,2452.97,432.475,2530.86,51.5676,36.2386,248.09799999999998,142.404,86.0444,2479.2924,0
51,20150916T151022.305716_right_N_52_76.jpg,1304.96,4376.79,164.167,4385.54,1296.21,27.7899,248.8,114.056,75.0033,3089.33,0
548,20150916T151027.555014_left_12_52_29.jpg,6071.91,6341.81,-418.36699999999996,6646.45,5767.26,49.9875,253.297,147.043,67.9739,879.19,1
172,20150916T151022.629995_left_N_11_75.jpg,65.7408,147.084,-34.3731,159.664,53.1612,38.7747,99.3267,56.7685,11.085,106.5028,0
138,20150916T151028.435618_left_N_10_54.jpg,252.165,611.879,113.445,644.668,219.37599999999998,70.8762,252.98,208.482,65.3923,425.292,0
100,20150916T151023.620874_right_N_15_13.jpg,65.4799,167.824,-39.8939,181.537,51.7667,36.3704,87.6748,61.3624,14.7197,129.7703,0
177,20150916T151022.305716_right_N_28_11.jpg,1104.35,2865.06,-1042.37,3349.09,620.313,40.9074,253.502,159.755,79.7479,2728.777,0
357,20150916T151030.421114_right_28_57_33.jpg,3019.07,7480.64,654.5409999999999,7574.69,2925.03,61.8134,245.595,141.776,60.1285,4649.66,1
139,20150916T151024.688583_right_N_43_51.jpg,1.238,20.1913,1.57588,20.3214,1.1078700000000001,57.5504,74.8598,66.7719,4.24965,19.21353,0
338,20150916T151027.267104_right_3_68_33.jpg,11280.4,6082.81,190.063,11287.3,6075.87,43.2358,252.82299999999998,153.488,63.6895,5211.43,1
222,20150916T151024.688583_left_N_22_15.jpg,259.887,399.501,-211.53099999999998,552.446,106.94200000000001,76.3563,253.396,187.595,71.2891,445.504,0
344,20150916T151023.620874_left_3_67_40.jpg,5244.06,12912.9,-534.129,12949.9,5207.04,42.1977,251.07299999999998,140.83100000000002,59.699,7742.86,1
511,20150916T151027.555014_right_3_50_28.jpg,6352.34,4701.9,-512.178,6498.36,4555.87,43.6561,253.46200000000002,144.75,59.1477,1942.49,1
221,20150916T151022.305716_left_N_82_25.jpg,1233.79,2937.84,1290.86,3632.51,539.122,50.5079,248.204,143.215,78.1742,3093.388,0
546,20150916T151023.346577_right_12_54_35.jpg,7780.7,4895.6,723.7669999999999,7952.09,4724.21,63.4477,251.06599999999997,130.264,48.4746,3227.88,1
484,20150916T151038.563762_left_3_82_35.jpg,5382.65,7670.84,233.83599999999998,7694.49,5359.0,53.8249,252.717,176.00900000000001,62.8528,2335.49,1
66,20150916T151028.769482_right_N_44_35.jpg,564.985,1760.34,336.523,1848.57,476.75699999999995,17.753,243.84599999999998,66.3916,47.3978,1371.8129999999999,0
383,20150916T151028.769482_right_12_67_43.jpg,4181.58,7680.42,-307.407,7707.23,4154.77,77.8929,252.898,147.716,52.6266,3552.46,1
448,20150916T151028.435618_left_3_95_23.jpg,2679.96,5050.06,514.96,5157.11,2572.91,28.5224,253.28,169.155,75.4826,2584.2,1
250,20150916T151022.060481_right_N_11_48.jpg,87.2463,511.347,182.68,579.185,19.4085,172.31599999999997,253.332,248.128,12.6131,559.7765,0
189,20150916T151027.267104_left_N_14_9.jpg,601.646,1588.67,-643.419,1906.05,284.269,43.1364,248.61,116.646,40.294000000000004,1621.781,0
17,20150916T151038.865165_left_N_65_71.jpg,479.973,1291.94,177.762,1329.15,442.76199999999994,72.7565,252.08900000000003,137.59,59.3698,886.388,0
345,20150916T151028.435618_right_12_90_36.jpg,4089.8,5484.6,-83.6259,5489.59,4084.8,51.8449,246.59900000000002,123.65799999999999,56.6509,1404.79,1
294,20150916T151026.139450_right_N_94_28.jpg,4880.67,635.32,61.0319,4881.54,634.443,73.0423,214.067,126.435,33.0463,4247.097,0
536,20150916T151022.974987_right_12_54_39.jpg,7097.33,10621.5,1596.71,11237.4,6481.52,65.0136,250.612,148.188,61.5791,4755.88,1
505,20150916T151028.435618_left_12_63_31.jpg,4682.94,6047.2,-125.82799999999999,6058.71,4671.43,59.7686,253.18200000000002,169.495,68.9458,1387.28,1
585,20150916T151028.769482_left_12_70_43.jpg,4377.7,8121.06,-29.6591,8121.3,4377.47,81.5064,252.47099999999998,153.785,52.0592,3743.83,1
303,20150916T151027.866000_left_N_60_10.jpg,2906.66,720.797,-620.876,3070.7,556.753,71.571,255.0,238.158,40.4368,2513.947,0
209,20150916T151036.554276_left_N_10_44.jpg,69.877,147.82,22.324,153.761,63.9359,19.5197,118.16,70.6699,23.9428,89.8251,0
70,20150916T151024.688583_left_N_58_16.jpg,27.0983,137.889,22.8186,142.405,22.5826,182.19299999999998,253.24200000000002,233.655,23.8536,119.8224,0
587,20150916T151026.139450_left_3_69_37.jpg,11036.3,8122.27,35.9641,11036.8,8121.82,39.3773,251.91,139.0,62.7159,2914.98,1
377,20150916T151027.555014_right_28_49_31.jpg,6880.33,9029.73,-338.348,9081.73,6828.32,43.7066,252.297,140.95,65.8999,2253.41,1
432,20150916T151022.305716_right_12_54_39.jpg,7119.96,10739.0,1582.89,11333.6,6525.34,64.6657,250.74900000000002,148.231,61.6184,4808.26,1
376,20150916T151031.840568_left_3_40_28.jpg,1211.98,4057.92,-321.82,4093.86,1176.04,35.2371,220.36900000000003,89.3164,34.4833,2917.82,1
283,20150916T151026.139450_right_N_10_63.jpg,74.40100000000001,453.334,-158.45,510.85699999999997,16.8778,55.7589,141.061,66.0894,9.40972,493.9792,0
284,20150916T151037.437838_right_N_39_13.jpg,1482.47,1401.43,-5.7198199999999995,1482.87,1401.03,34.4205,253.44799999999998,209.805,61.7528,81.84,0
386,20150916T151024.358708_right_12_57_32.jpg,1441.64,5627.04,-398.87199999999996,5664.72,1403.97,42.1016,239.32299999999998,131.44799999999998,53.6593,4260.75,1
561,20150916T151024.358708_right_28_75_37.jpg,12428.0,10058.7,638.034,12588.9,9897.78,46.0028,253.115,150.602,70.5872,2691.12,1
170,20150916T151031.067104_right_N_20_72.jpg,228.804,2243.57,466.667,2346.41,125.963,41.5696,250.65,108.572,66.6978,2220.447,0
166,20150916T151027.555014_left_N_47_16.jpg,390.57099999999997,620.448,-151.126,695.377,315.642,70.7707,253.611,188.512,68.9965,379.735,0
367,20150916T151022.974987_left_12_55_39.jpg,6695.36,8823.58,1152.01,9327.74,6191.2,67.4305,251.571,134.684,56.5334,3136.54,1
77,20150916T151025.085992_right_N_12_81.jpg,2.9582599999999997,17.4582,-4.8345199999999995,18.9223,1.4941799999999998,49.217,61.2114,56.8067,2.75446,17.42812,0
134,20150916T151024.010245_left_N_21_73.jpg,12.5816,53.0574,12.4013,56.5548,9.08417,42.0349,64.7994,54.0996,4.7555,47.47063,0
56,20150916T151027.555014_left_N_47_49.jpg,27.0769,569.32,2.98615,569.336,27.0605,48.9379,151.061,71.7285,13.0921,542.2755,0
131,20150916T151023.346577_left_N_24_55.jpg,9.69461,67.7533,3.04058,67.9121,9.5358,61.379,81.773,68.0928,3.6695300000000004,58.3763,0
597,20150916T151024.688583_right_12_53_39.jpg,8715.79,8574.88,1058.35,9706.03,7584.64,62.4471,251.773,125.9,57.2817,2121.39,1
184,20150916T151028.435618_right_N_10_64.jpg,35.2873,1020.24,-152.628,1043.35,12.1783,54.5623,222.408,79.3589,34.1171,1031.1717,0
182,20150916T151022.629995_left_N_11_24.jpg,39.8125,1212.43,155.576,1232.72,19.5227,53.3316,230.74,173.752,51.9957,1213.1973,0
415,20150916T151024.010245_right_3_66_40.jpg,8178.93,9893.71,329.74199999999996,9954.93,8117.71,49.138000000000005,251.39700000000002,134.982,57.9214,1837.22,1
268,20150916T151022.974987_right_N_71_24.jpg,49.9201,408.934,-13.0902,409.411,49.4434,205.005,253.257,247.49200000000002,7.2091199999999995,359.9676,0
323,20150916T151026.451457_left_28_87_29.jpg,11556.6,8230.05,171.761,11565.4,8221.2,23.7181,253.02200000000002,137.469,84.3462,3344.2,1
118,20150916T151026.451457_right_N_41_53.jpg,41.3987,63.9683,20.8417,76.3842,28.9828,48.7895,93.7008,71.0628,8.91576,47.4014,0
571,20150916T151024.688583_right_12_58_33.jpg,4283.92,5909.71,-622.486,6120.67,4072.95,72.0097,225.595,128.9,36.2393,2047.72,1
273,20150916T151026.451457_right_N_16_68.jpg,314.152,82.9912,13.3286,314.918,82.2252,56.937,109.456,70.4749,10.3076,232.6928,0
279,20150916T151023.620874_right_N_51_82.jpg,0.160468,0.551902,-0.017986099999999998,0.5527270000000001,0.159644,252.359,255.0,253.162,0.5898180000000001,0.393083,0
421,20150916T151022.974987_right_12_40_29.jpg,2080.97,3623.48,205.86900000000003,3650.49,2053.97,27.5168,198.84400000000002,93.12100000000001,42.7912,1596.52,1
433,20150916T151028.435618_left_3_96_22.jpg,2972.62,4295.08,407.534,4410.58,2857.12,28.6767,253.25799999999998,166.956,77.6294,1553.46,1
402,20150916T151022.060481_right_12_57_31.jpg,2445.36,5948.82,186.697,5958.75,2435.44,43.0154,237.24200000000002,132.045,52.0302,3523.31,1
425,20150916T151027.267104_left_12_49_33.jpg,5408.99,8448.84,113.90899999999999,8453.1,5404.72,48.9708,252.14,141.619,66.5501,3048.38,1
422,20150916T151023.346577_left_28_76_41.jpg,12073.0,8509.68,152.976,12079.6,8503.13,35.5183,252.86900000000003,105.75200000000001,62.1293,3576.47,1
456,20150916T151036.927689_left_12_76_23.jpg,5042.91,2524.39,-84.8491,5045.77,2521.53,63.8777,253.322,200.05200000000002,52.3582,2524.24,1
216,20150916T151022.974987_right_N_71_50.jpg,21.1293,133.07299999999998,-14.6777,134.966,19.2368,57.6132,100.34899999999999,85.5018,7.683860000000001,115.7292,0
351,20150916T151028.769482_right_12_64_29.jpg,5162.85,5256.75,551.771,5763.56,4656.03,63.7965,253.31400000000002,166.382,66.6386,1107.53,1
472,20150916T151022.060481_left_12_55_39.jpg,6696.95,8781.01,1132.88,9278.21,6199.75,67.5814,251.55900000000003,134.714,56.608999999999995,3078.46,1
198,20150916T151024.010245_left_N_37_33.jpg,455.971,796.035,-256.515,933.7539999999999,318.252,30.2091,155.304,58.9332,22.0136,615.502,0
291,20150916T151027.866000_right_N_60_10.jpg,1309.04,913.2710000000001,-363.836,1525.32,696.988,124.152,255.0,242.96599999999998,23.9207,828.332,0
397,20150916T151022.974987_left_12_76_41.jpg,7015.32,11299.3,-230.37599999999998,11311.7,7002.97,35.4476,252.745,130.341,73.7437,4308.73,1
580,20150916T151024.358708_right_28_75_41.jpg,11970.8,9352.8,-24.0085,11971.0,9352.58,43.1768,252.87900000000002,128.048,66.1637,2618.42,1
287,20150916T151037.437838_left_N_39_23.jpg,363.361,808.8969999999999,-13.3211,809.295,362.963,33.7264,252.227,126.726,82.7225,446.332,0
502,20150916T151028.435618_right_3_91_24.jpg,4009.73,4421.65,371.63,4640.58,3790.8,37.648,253.203,186.666,70.9351,849.78,1
81,20150916T151027.866000_right_N_63_67.jpg,1486.85,1708.52,-989.952,2593.82,601.545,34.7257,245.93099999999998,96.773,63.1342,1992.275,0
88,20150916T151022.305716_left_N_52_77.jpg,54.101000000000006,99.3876,22.1469,108.41799999999999,45.0709,40.1823,65.9915,51.8545,5.443890000000001,63.3471,0
24,20150916T151027.267104_left_N_14_59.jpg,12.0498,54.5467,16.1133,59.9654,6.6311800000000005,47.0545,74.4989,59.2281,5.19003,53.334219999999995,0
6,20150916T151038.865165_right_N_65_39.jpg,276.057,2044.06,-163.511,2059.06,261.062,64.6383,253.326,149.497,46.1186,1797.9979999999998,0
596,20150916T151037.437838_left_12_70_27.jpg,5715.66,2277.71,-165.083,5723.57,2269.8,82.3552,253.332,215.123,44.141000000000005,3453.77,1
329,20150916T151022.629995_right_12_54_39.jpg,7057.75,10674.1,1578.15,11265.9,6465.9,65.6226,251.114,148.195,61.4513,4800.0,1
395,20150916T151022.629995_left_28_76_37.jpg,12830.2,10694.4,-103.689,12835.2,10689.4,38.6674,252.725,131.784,70.7516,2145.8,1
152,20150916T151026.451457_left_N_41_11.jpg,494.131,1113.56,-71.4783,1121.7,485.98900000000003,66.2649,253.535,193.078,73.3643,635.711,0
496,20150916T151025.085992_right_28_77_35.jpg,11791.1,9365.82,293.276,11826.0,9330.86,41.0009,252.833,134.30200000000002,73.4716,2495.14,1
429,20150916T151024.688583_right_12_54_39.jpg,5312.93,12685.0,313.961,12698.3,5299.58,63.9741,251.949,145.118,63.7632,7398.72,1
185,20150916T151024.688583_left_N_22_6.jpg,238.68200000000002,396.423,-202.59400000000002,534.957,100.148,76.2224,253.324,186.097,72.393,434.809,0
112,20150916T151024.010245_right_N_10_12.jpg,24.6422,55.3329,29.7188,73.4343,6.54071,220.926,253.24099999999999,248.955,8.1378,66.89359,0
590,20150916T151022.974987_right_28_74_37.jpg,10970.2,8859.87,154.52700000000002,10981.4,8848.62,47.0073,252.192,154.19799999999998,69.5113,2132.78,1
245,20150916T151022.974987_right_N_71_15.jpg,24.4107,11.9172,2.24504,24.8019,11.5261,235.00900000000001,253.35299999999998,251.727,2.0956099999999998,13.2758,0
267,20150916T151036.927689_right_N_57_41.jpg,359.575,884.922,287.103,1011.38,233.114,67.0471,246.94400000000002,120.242,26.9365,778.2660000000001,0
90,20150916T151027.866000_left_N_63_48.jpg,38.9959,1309.12,5.4499699999999995,1309.14,38.9725,38.0506,198.111,74.8565,20.9836,1270.1675,0
289,20150916T151025.085992_left_N_12_53.jpg,1.04859,72.3052,-4.74411,72.6196,0.7341260000000001,25.5551,67.1359,56.6512,8.31625,71.885474,0
300,20150916T151022.629995_right_N_80_27.jpg,1105.75,3342.23,1215.63,3875.73,572.262,50.6939,251.17,136.789,76.4202,3303.468,0
0,20150916T151025.085992_left_N_62_74.jpg,161.153,9.427769999999999,15.2886,162.678,7.90255,51.343999999999994,81.3244,56.9573,4.9842,154.77545,0
173,20150916T151036.554276_right_N_10_60.jpg,592.5740000000001,2911.49,-678.653,3095.51,408.561,20.4662,253.44400000000002,137.029,80.1521,2686.949,0
317,20150916T151036.554276_right_N_93_27.jpg,1342.26,4629.6,59.4175,4630.68,1341.19,60.3634,252.37599999999998,180.52,64.0442,3289.49,0
55,20150916T151023.620874_right_N_51_46.jpg,28.0905,142.97899999999998,0.56452,142.981,28.0877,58.4817,101.641,81.86,10.8225,114.8933,0
43,20150916T151038.865165_left_N_65_49.jpg,132.13299999999998,2054.92,-62.2455,2056.93,130.12,80.1946,253.09400000000002,148.942,35.7495,1926.81,0
330,20150916T151027.555014_right_28_49_28.jpg,6023.26,7343.99,-308.455,7412.48,5954.77,44.6106,252.12900000000002,138.986,63.3096,1457.71,1
563,20150916T151024.688583_left_28_77_36.jpg,12926.9,10872.2,-315.04,12974.2,10824.9,35.3718,252.465,129.741,72.8473,2149.3,1
366,20150916T151025.085992_left_3_68_39.jpg,11978.3,10838.5,407.869,12109.3,10707.6,40.1687,251.873,132.218,64.5448,1401.7,1
228,20150916T151027.267104_right_N_42_10.jpg,0.156368,0.256193,0.0208572,0.260376,0.152185,251.88400000000001,253.456,252.951,0.22560100000000002,0.10819100000000001,0
117,20150916T151026.139450_left_N_94_28.jpg,50.4121,1547.25,219.454,1578.76,18.9008,59.1438,246.362,189.984,65.8066,1559.8592,0
238,20150916T151022.060481_left_N_12_10.jpg,1.0405200000000001,3.1318599999999996,0.924501,3.4819400000000003,0.6904319999999999,245.709,253.051,251.44099999999997,1.16831,2.7915080000000003,0
455,20150916T151025.085992_left_28_79_35.jpg,12112.4,10643.0,339.773,12187.2,10568.3,34.3352,252.51,127.791,71.6204,1618.9,1
276,20150916T151028.435618_left_N_33_69.jpg,3.84469,37.9825,7.06381,39.3864,2.4407799999999997,50.1209,69.9783,60.3036,4.39239,36.94562,0
508,20150916T151022.974987_right_12_54_35.jpg,7802.76,4872.23,733.278,7976.0,4698.99,63.5966,250.644,130.237,48.4191,3277.01,1
281,20150916T151027.555014_left_N_47_17.jpg,430.374,632.694,-93.9283,669.577,393.491,70.3605,253.495,172.692,72.1195,276.086,0
275,20150916T151036.927689_left_N_49_34.jpg,62.7783,167.829,19.4281,171.30700000000002,59.3004,43.7597,202.774,105.18,30.9747,112.0066,0
220,20150916T151025.085992_right_N_11_27.jpg,258.107,442.6,-71.959,467.348,233.36,17.5287,140.139,34.8036,14.3939,233.988,0
5,20150916T151022.974987_right_N_45_99.jpg,0.126582,0.21510100000000001,-0.0102335,0.216268,0.125414,252.08,253.44799999999998,253.0,0.140567,0.09085399999999999,0
522,20150916T151027.555014_right_3_49_29.jpg,7386.23,8738.81,-726.929,9055.39,7069.65,44.6679,248.91,137.201,62.2055,1985.74,1
370,20150916T151022.060481_left_12_76_41.jpg,6956.09,11280.2,-274.955,11297.6,6938.68,34.9114,252.878,130.493,73.6938,4358.92,1
322,20150916T151024.688583_left_N_43_51.jpg,1.61606,20.1629,1.67953,20.3138,1.4652,56.3948,68.7306,62.5618,2.78667,18.8486,0
586,20150916T151022.060481_left_28_76_37.jpg,12796.8,10694.9,-95.5976,12801.1,10690.6,38.4843,252.81099999999998,131.859,70.7714,2110.5,1
35,20150916T151022.060481_left_N_98_73.jpg,24.8719,44.4361,-7.22927,46.8175,22.4905,41.4751,63.2641,53.3412,5.5304,24.326999999999998,0
84,20150916T151038.563762_right_N_13_95.jpg,453.782,215.128,47.5269,462.899,206.011,59.6843,204.636,153.375,41.1874,256.888,0
524,20150916T151022.974987_right_3_66_40.jpg,6568.72,11127.4,-305.73,11147.9,6548.3,50.1726,251.13400000000001,142.332,56.051,4599.6,1
575,20150916T151026.139450_left_12_52_36.jpg,7153.46,9196.66,1175.91,9732.76,6617.36,50.5533,253.048,122.617,65.6172,3115.4,1
52,20150916T151022.060481_left_N_20_40.jpg,48.1924,312.89099999999996,31.0784,316.491,44.5924,11.9694,85.0772,46.922,22.6507,271.8986,0
45,20150916T151022.629995_right_N_11_42.jpg,2.76789,162.875,-7.7632699999999994,163.25,2.39235,26.1093,77.2078,51.4572,11.3875,160.85765,0
251,20150916T151027.555014_left_N_10_36.jpg,225.671,1183.37,207.227,1226.28,182.755,37.1709,200.204,69.5318,30.2897,1043.525,0
516,20150916T151027.555014_right_3_71_32.jpg,9515.58,6443.82,374.342,9560.54,6398.86,45.3988,253.28900000000002,149.058,69.6913,3161.68,1
161,20150916T151037.437838_right_N_39_23.jpg,1480.39,1412.66,-3.6144199999999995,1480.58,1412.46,34.2969,253.28599999999997,143.66299999999998,71.0515,68.12,0
153,20150916T151027.866000_right_N_25_25.jpg,289.94599999999997,1084.42,-391.61400000000003,1245.0,129.366,74.4381,253.30599999999998,177.97400000000002,67.8939,1115.634,0
247,20150916T151022.060481_right_N_98_82.jpg,117.604,333.10699999999997,-130.293,394.431,56.2801,26.5416,71.8018,49.0017,12.8315,338.1509,0
436,20150916T151027.555014_left_12_53_30.jpg,9384.01,7683.82,-1135.7,9952.53,7115.3,52.3024,249.56900000000002,149.14600000000002,63.0462,2837.23,1
500,20150916T151025.085992_left_28_54_35.jpg,8729.06,5491.56,342.85699999999997,8764.97,5455.65,52.8055,251.611,125.976,52.31399999999999,3309.32,1
249,20150916T151022.060481_right_N_20_40.jpg,27.3777,119.066,17.9196,122.443,23.9999,17.8378,90.3705,49.652,23.5404,98.4431,0
424,20150916T151027.267104_right_3_68_34.jpg,11987.0,6492.73,205.405,11994.6,6485.07,43.4038,253.149,154.912,64.2509,5509.53,1
76,20150916T151029.634618_left_N_73_18.jpg,64.8674,244.024,-6.46312,244.257,64.6345,125.17200000000001,253.437,233.093,36.5494,179.6225,0
82,20150916T151025.085992_right_N_12_51.jpg,1.50301,189.44299999999998,-8.24927,189.804,1.14162,22.0242,71.3369,55.5567,12.8022,188.66238,0
487,20150916T151022.305716_left_3_67_40.jpg,5485.42,12779.7,-507.086,12814.8,5450.33,42.4501,251.35299999999998,139.452,59.6761,7364.47,1
372,20150916T151026.139450_left_28_85_31.jpg,11865.2,9693.56,163.628,11877.5,9681.3,26.0522,252.984,136.89600000000002,81.2553,2196.2,1
53,20150916T151027.555014_left_N_11_20.jpg,1399.38,3300.65,169.25400000000002,3315.6,1384.43,21.154,252.29,183.032,81.0998,1931.17,0
292,20150916T151024.688583_left_N_22_10.jpg,975.21,1511.62,-611.313,1910.97,575.854,45.599,219.74900000000002,104.33200000000001,31.7865,1335.116,0
501,20150916T151027.866000_left_12_56_33.jpg,6035.02,8554.99,-477.546,8642.46,5947.56,52.301,253.03900000000002,149.524,67.6119,2694.9,1
58,20150916T151027.866000_left_N_25_25.jpg,447.644,1159.7,-416.07599999999996,1351.28,256.064,69.2932,252.926,162.455,72.6983,1095.2160000000001,0
512,20150916T151022.629995_left_12_76_41.jpg,6980.31,11278.2,-274.416,11295.6,6962.86,35.3072,252.96,130.422,73.6825,4332.74,1
369,20150916T151037.437838_right_12_67_28.jpg,4942.73,1754.0,-37.594,4943.17,1753.56,102.723,253.385,221.925,36.8429,3189.61,1
235,20150916T151025.085992_right_N_11_54.jpg,4.55714,30.8995,6.241969999999999,32.3037,3.15292,52.7165,71.6917,63.5085,4.47634,29.150779999999997,0
302,20150916T151026.451457_right_N_16_43.jpg,8.36185,528.0790000000001,35.8814,530.545,5.8962900000000005,21.0835,136.653,58.6398,25.721,524.6487099999999,0
314,20150916T151026.451457_right_N_70_32.jpg,214.832,602.856,-19.6255,603.846,213.842,55.5381,250.74200000000002,143.48,73.6621,390.004,0
438,20150916T151027.267104_right_28_92_21.jpg,4694.42,5168.24,-224.433,5257.67,4604.99,23.7311,253.578,162.003,81.9949,652.68,1
567,20150916T151025.085992_left_3_68_40.jpg,14652.3,10818.8,817.3439999999999,14819.3,10651.8,38.5927,251.648,127.008,66.7478,4167.5,1
594,20150916T151022.305716_right_12_74_41.jpg,12111.2,9571.03,104.664,12115.5,9566.72,47.9411,252.06099999999998,133.33100000000002,66.8439,2548.78,1
489,20150916T151024.688583_right_28_75_36.jpg,11171.3,9830.55,869.6,11598.9,9402.92,43.1113,253.368,146.625,71.1203,2195.98,1
47,20150916T151025.085992_right_N_11_35.jpg,11.8398,121.865,-2.27642,121.912,11.7927,17.3152,74.5111,36.0793,14.3658,110.1193,0
384,20150916T151022.629995_right_12_54_35.jpg,7761.53,4888.24,724.68,7933.95,4715.81,63.6893,250.916,130.208,48.3666,3218.14,1
206,20150916T151023.346577_right_N_12_29.jpg,84.5263,2504.54,350.715,2554.34,34.7245,40.8222,214.326,91.5226,59.4264,2519.6155,0
27,20150916T151023.346577_right_N_59_13.jpg,25.7614,188.915,19.6939,191.25799999999998,23.4178,208.965,253.32299999999998,246.502,13.3678,167.8402,0
313,20150916T151024.358708_right_N_11_44.jpg,91.3584,522.985,68.0244,533.452,80.8915,8.6512,110.522,57.6309,22.6734,452.5605,0
342,20150916T151029.634618_left_28_92_35.jpg,3448.31,7140.74,329.892,7169.98,3419.07,80.1529,250.859,167.865,50.6985,3750.91,1
30,20150916T151024.358708_left_N_88_61.jpg,11.6432,33.0795,-8.78479,36.2196,8.50312,51.2591,76.8437,60.1068,5.72417,27.716479999999997,0
582,20150916T151023.620874_left_28_76_37.jpg,12976.4,10623.4,-171.179,12988.8,10611.1,38.5322,252.583,128.515,71.0566,2377.7,1
108,20150916T151030.421114_right_N_84_66.jpg,4.41073,29.1808,8.741439999999999,31.955,1.63655,237.38099999999997,254.99900000000002,252.255,2.73136,30.31845,0
558,20150916T151029.634618_left_12_45_31.jpg,1678.11,4825.41,-301.129,4853.96,1649.56,45.9682,251.14700000000002,101.634,52.6113,3204.4,1
125,20150916T151025.085992_left_N_12_31.jpg,35.1171,1996.46,177.24099999999999,2012.35,19.2291,40.2375,149.355,75.1433,32.9298,1993.1209,0
44,20150916T151026.451457_left_N_16_28.jpg,896.7539999999999,578.104,-26.0414,898.868,575.99,24.142,148.976,61.7612,21.0855,322.878,0
159,20150916T151031.840568_left_N_11_37.jpg,2.2875,6.226369999999999,0.204452,6.23695,2.27692,70.7948,94.6519,80.3726,6.737010000000001,3.96003,0
364,20150916T151028.435618_left_12_63_30.jpg,4859.87,4719.79,-254.575,5053.86,4525.79,60.458,253.486,166.64,67.7396,528.07,1
21,20150916T151030.421114_left_N_47_53.jpg,54.0838,92.8451,20.8192,101.90799999999999,45.0207,73.3991,110.473,90.9068,6.742539999999999,56.8873,0
160,20150916T151028.435618_right_N_16_97.jpg,349.61699999999996,2814.37,-506.314,2914.32,249.662,46.5566,253.31900000000002,179.755,79.6462,2664.658,0
94,20150916T151024.010245_left_N_37_21.jpg,526.95,1199.76,-409.767,1393.53,333.18800000000005,56.3856,253.528,172.623,76.137,1060.3419999999999,0
562,20150916T151022.060481_right_12_54_35.jpg,7783.72,4886.05,722.617,7953.93,4715.84,63.5186,250.858,130.232,48.4287,3238.09,1
169,20150916T151038.563762_left_N_13_46.jpg,4.5273900000000005,121.916,6.684810000000001,122.296,4.14794,33.7347,115.897,82.8821,27.2176,118.14806000000002,0
42,20150916T151026.451457_right_N_40_74.jpg,11.5059,120.006,9.11763,120.76700000000001,10.7451,45.8035,98.4616,68.3478,18.1476,110.0219,0
49,20150916T151022.305716_right_N_82_56.jpg,186.951,422.461,-28.9772,425.974,183.438,56.4896,135.19899999999998,76.8037,8.699110000000001,242.53599999999997,0
574,20150916T151036.554276_right_12_91_35.jpg,1130.53,10599.1,46.5172,10599.4,1130.3,77.3657,248.97,164.102,45.0259,9469.1,1
204,20150916T151026.451457_right_N_16_28.jpg,29.3437,204.782,-22.1999,207.548,26.5781,23.4088,64.8151,40.8545,9.01758,180.9699,0
150,20150916T151022.629995_right_N_80_18.jpg,3336.46,2498.88,1530.67,4504.6,1330.74,58.6124,252.139,180.263,66.9953,3173.86,0
4,20150916T151036.927689_right_N_77_46.jpg,14.5064,260.468,12.8146,261.134,13.8405,208.592,255.0,251.38299999999998,8.26448,247.2935,0
151,20150916T151027.267104_right_N_29_43.jpg,13.7673,422.676,30.2337,424.899,11.544,17.0672,172.457,56.7741,18.8971,413.355,0
477,20150916T151025.085992_right_12_53_38.jpg,7070.82,8349.05,471.476,8504.14,6915.73,58.2763,251.419,127.01100000000001,61.369,1588.41,1
396,20150916T151026.451457_left_12_52_34.jpg,6671.77,8618.52,28.5465,8618.94,6671.35,51.6147,252.827,134.47799999999998,67.8427,1947.59,1
467,20150916T151027.866000_right_3_76_30.jpg,7759.57,5597.19,354.871,7816.32,5540.45,39.512,253.29,170.31900000000002,68.9306,2275.87,1
265,20150916T151026.139450_left_N_94_21.jpg,41.3796,807.065,121.40100000000001,825.852,22.5922,175.643,248.669,235.081,12.4838,803.2598,0
335,20150916T151026.451457_left_12_52_35.jpg,6700.57,8297.34,340.341,8366.85,6631.05,51.3729,252.766,128.506,67.2093,1735.8,1
46,20150916T151022.629995_right_N_10_13.jpg,40.0939,309.406,78.4363,330.585,18.9152,183.24099999999999,253.215,241.817,13.7529,311.6698,0
258,20150916T151026.139450_left_N_33_68.jpg,17.5168,106.91,31.6649,116.99,7.43699,24.1248,61.1111,52.9143,7.317419999999999,109.55301000000001,0
127,20150916T151023.346577_right_N_59_29.jpg,2648.63,6065.12,-17.3106,6065.21,2648.54,90.0986,251.024,183.396,52.2142,3416.67,0
333,20150916T151022.060481_right_12_75_41.jpg,4462.74,11277.5,315.92900000000003,11292.2,4448.12,46.806999999999995,251.78099999999998,147.787,71.5683,6844.08,1
2,20150916T151026.139450_left_N_10_40.jpg,6.11972,211.015,13.4816,211.898,5.23647,29.0326,107.9,50.5292,15.7142,206.66153,0
233,20150916T151023.346577_right_N_59_58.jpg,45.3893,104.265,-5.18901,104.719,44.9355,59.5643,91.4289,76.1865,6.6452800000000005,59.7835,0
255,20150916T151026.451457_right_N_59_66.jpg,1251.71,1349.7,1011.39,2313.28,288.124,45.3817,237.363,80.8943,38.373000000000005,2025.156,0
473,20150916T151025.085992_left_12_54_39.jpg,8705.19,9666.41,557.2180000000001,9921.65,8449.95,52.5568,251.84799999999998,134.32,64.1737,1471.7,1
226,20150916T151026.451457_right_N_66_49.jpg,5.00265,258.42400000000004,18.9716,259.836,3.5902800000000004,43.9061,102.306,71.8415,8.43858,256.24572,0
8,20150916T151027.267104_left_N_28_24.jpg,9.12027,116.521,-5.4242,116.794,8.84702,212.77700000000002,253.53599999999997,251.792,4.9528300000000005,107.94698000000001,0
87,20150916T151023.346577_right_N_11_58.jpg,105.76,676.095,220.74099999999999,751.548,30.3076,162.035,253.263,247.87400000000002,13.7324,721.2404,0
309,20150916T151038.563762_left_N_13_51.jpg,5.3324,153.42700000000002,10.9139,154.227,4.53242,33.6624,125.361,100.51700000000001,18.546,149.69458,0
142,20150916T151028.769482_right_N_53_79.jpg,4282.22,4013.71,991.342,5148.36,3147.57,46.3655,249.757,128.85,60.3687,2000.79,0
109,20150916T151024.358708_right_N_88_73.jpg,37.5486,149.805,-44.6862,165.421,21.9326,30.147,74.357,59.6163,11.9645,143.4884,0
217,20150916T151025.085992_left_N_12_81.jpg,235.08700000000002,2710.1,-638.841,2865.27,79.92,19.5894,233.27900000000002,69.0719,63.5807,2785.35,0
195,20150916T151024.358708_left_N_88_73.jpg,5.62988,19.7544,-6.18992,22.0831,3.30115,44.4716,58.8319,52.5967,2.7272,18.78195,0
359,20150916T151022.974987_left_3_67_40.jpg,5525.55,12807.9,-540.206,12847.8,5485.69,41.8904,251.40099999999998,139.47899999999998,59.7418,7362.11,1
178,20150916T151023.620874_right_N_63_52.jpg,12.5169,44.0393,-1.27662,44.0909,12.4653,74.6465,101.23700000000001,88.0532,6.879289999999999,31.6256,0
584,20150916T151027.555014_right_3_71_33.jpg,9983.26,7144.6,478.952,10061.9,7065.97,45.5926,253.324,158.59,69.2065,2995.93,1
565,20150916T151037.437838_right_12_67_26.jpg,4964.94,1497.68,-31.3924,4965.22,1497.39,102.706,253.321,217.243,38.1179,3467.83,1
481,20150916T151023.620874_right_3_54_35.jpg,6432.88,4989.44,219.207,6465.44,4956.88,66.3691,251.078,131.62,47.9523,1508.56,1
306,20150916T151027.555014_right_N_47_28.jpg,491.704,1200.6,-403.63800000000003,1383.33,308.97700000000003,62.2212,172.453,94.0271,23.5451,1074.353,0
149,20150916T151024.358708_right_N_82_19.jpg,208.655,1109.21,-228.49200000000002,1163.87,153.998,30.6875,159.98,49.7024,20.2581,1009.872,0
445,20150916T151023.346577_left_12_55_39.jpg,6648.89,8813.05,1098.46,9272.88,6189.05,67.818,251.465,134.923,56.6109,3083.83,1
389,20150916T151038.563762_right_12_61_33.jpg,4330.27,1916.2,-7.11032,4330.29,1916.18,115.59100000000001,252.635,217.326,35.4954,2414.11,1
319,20150916T151027.555014_left_N_47_26.jpg,0.138917,0.36486199999999996,-0.0479176,0.374604,0.129175,252.417,255.0,253.14700000000002,0.537605,0.245429,0
230,20150916T151037.437838_right_N_83_28.jpg,636.154,2473.31,289.905,2517.98,591.493,59.8658,253.386,162.993,62.8236,1926.487,0
167,20150916T151027.866000_right_N_68_80.jpg,7.0507800000000005,14.8526,-5.62905,17.8003,4.1031,35.2129,52.8852,45.0465,5.205430000000001,13.6972,0
544,20150916T151022.305716_left_28_76_37.jpg,12839.0,10714.7,-103.18,12844.0,10709.7,37.8168,252.801,131.767,70.8037,2134.3,1
492,20150916T151024.010245_right_3_54_35.jpg,6296.52,5095.06,176.99200000000002,6322.05,5069.53,67.2346,251.19400000000002,131.687,47.8614,1252.52,1
573,20150916T151022.305716_right_3_66_40.jpg,6505.98,11141.3,-313.91200000000003,11162.5,6484.82,49.7501,251.218,142.404,56.1063,4677.68,1
553,20150916T151026.451457_right_12_50_36.jpg,6917.11,10092.9,-347.746,10130.5,6879.48,49.461999999999996,252.94099999999997,147.377,67.1262,3251.02,1
324,20150916T151027.555014_right_3_49_28.jpg,7222.96,8815.45,-875.7719999999999,9202.84,6835.57,44.4199,250.747,142.673,64.0903,2367.27,1
202,20150916T151027.267104_right_N_11_36.jpg,15.2301,251.984,28.5426,255.37599999999998,11.8377,32.7472,141.178,58.9762,18.6229,243.5383,0
50,20150916T151022.629995_right_N_11_37.jpg,26.1951,2402.17,187.87,2416.93,11.4318,41.1456,161.444,63.4473,32.8073,2405.4982,0
211,20150916T151022.974987_left_N_71_24.jpg,2249.27,1506.42,256.562,2329.26,1426.43,144.018,252.83700000000002,231.678,23.3315,902.83,0
480,20150916T151029.634618_right_12_88_34.jpg,4498.82,4733.64,382.12699999999995,5015.99,4216.47,95.4018,250.905,171.405,42.9998,799.52,1
270,20150916T151026.139450_right_N_33_68.jpg,11.974,97.9999,13.1767,99.9729,10.0009,44.6516,86.6746,59.2934,7.97607,89.97200000000001,0
101,20150916T151025.085992_left_N_11_72.jpg,8.02847,38.7262,13.0384,43.5165,3.23811,43.547,60.5031,52.495,3.6683199999999996,40.27839,0
414,20150916T151022.974987_left_28_76_41.jpg,11993.1,8509.88,142.695,11998.9,8504.04,35.8352,252.705,105.515,62.1937,3494.86,1
494,20150916T151027.866000_left_3_55_30.jpg,8863.71,6481.26,-547.566,8983.53,6361.44,52.0347,252.979,140.531,62.4333,2622.09,1
227,20150916T151023.346577_left_N_59_80.jpg,0.0912191,0.237483,-0.0134446,0.238708,0.0899936,252.545,253.50900000000001,253.014,0.128662,0.1487144,0
18,20150916T151027.866000_right_N_63_21.jpg,2011.54,4870.14,-133.811,4876.39,2005.29,65.1917,251.82299999999998,175.985,61.2073,2871.1,0
102,20150916T151024.010245_right_N_37_21.jpg,588.5880000000001,3096.51,-405.898,3160.57,524.531,78.5515,253.37400000000002,188.44799999999998,64.4634,2636.039,0
119,20150916T151027.555014_right_N_80_11.jpg,1671.64,844.2130000000001,213.829,1723.63,792.221,68.8582,253.257,216.30900000000003,59.9807,931.409,0
525,20150916T151026.139450_left_12_52_37.jpg,4295.23,11985.4,1083.26,12135.1,4145.55,50.4629,253.141,136.055,72.9982,7989.55,1
22,20150916T151024.358708_left_N_82_62.jpg,273.768,936.706,-191.53099999999998,988.063,222.41099999999997,50.2659,159.125,75.2095,19.8036,765.6519999999999,0
168,20150916T151028.435618_left_N_10_49.jpg,1193.9,2479.89,-433.506,2612.37,1061.41,19.9479,253.09799999999998,94.8651,55.6049,1550.96,0
79,20150916T151022.629995_left_N_66_24.jpg,297.183,1023.06,266.192,1110.21,210.02900000000002,151.549,252.769,201.34599999999998,42.0271,900.181,0
208,20150916T151026.451457_left_N_16_68.jpg,6.4852,38.3666,11.5791,42.1282,2.7236,44.8216,62.2522,53.2544,4.06648,39.4046,0
332,20150916T151024.688583_left_12_57_33.jpg,1927.01,5283.49,-374.111,5324.68,1885.81,39.5288,242.392,124.31299999999999,55.8196,3438.87,1
527,20150916T151037.437838_left_12_70_26.jpg,5440.37,2145.22,-160.496,5448.17,2137.43,82.3184,253.565,212.72400000000002,45.3407,3310.74,1
375,20150916T151022.629995_right_12_58_32.jpg,3320.76,8224.61,167.86900000000003,8230.35,3315.02,62.3033,237.65900000000002,140.984,37.9722,4915.33,1
483,20150916T151038.865165_left_3_82_36.jpg,4492.53,8851.32,297.031,8871.47,4472.38,56.4465,252.957,178.856,64.1986,4399.09,1
61,20150916T151024.010245_left_N_10_73.jpg,257.608,1592.04,-99.8057,1599.47,250.18400000000003,51.7491,226.92,122.351,66.9064,1349.286,0
532,20150916T151023.620874_right_12_74_41.jpg,12138.0,9409.82,38.8951,12138.6,9409.27,46.9846,252.15599999999998,131.529,66.1069,2729.33,1
373,20150916T151022.974987_right_12_74_41.jpg,12096.5,9568.09,96.6879,12100.2,9564.4,47.2648,252.28799999999998,133.275,66.7751,2535.8,1
399,20150916T151027.866000_left_12_55_29.jpg,6120.17,5961.94,-418.93699999999995,6467.39,5614.71,52.3997,253.233,147.95,67.0742,852.68,1
552,20150916T151038.865165_right_3_80_36.jpg,6178.88,6809.79,17.0978,6810.25,6178.42,65.0109,252.655,194.93400000000003,58.0851,631.83,1
545,20150916T151027.555014_right_12_49_31.jpg,5676.98,8959.4,-336.694,8993.58,5642.79,44.6088,252.192,139.366,67.1848,3350.79,1
321,20150916T151027.555014_right_N_47_16.jpg,478.843,1207.95,-450.98900000000003,1423.3,263.492,69.9656,253.39,185.62599999999998,71.4514,1159.808,0
413,20150916T151022.629995_left_3_67_40.jpg,5500.97,12780.5,-521.7819999999999,12817.7,5463.76,42.1714,251.264,139.5,59.6611,7353.94,1
464,20150916T151038.563762_left_3_82_36.jpg,3971.26,10526.3,257.131,10536.4,3961.19,52.8878,252.898,177.77,67.028,6575.21,1
365,20150916T151022.305716_left_12_55_39.jpg,6740.01,8777.39,1140.3,9287.76,6229.64,68.3723,251.57299999999998,134.627,56.4877,3058.12,1
237,20150916T151027.555014_right_N_10_36.jpg,256.243,3616.24,-281.224,3639.61,232.868,41.0393,253.179,102.08,68.8809,3406.742,0
349,20150916T151022.060481_right_12_58_32.jpg,3328.66,8169.58,173.145,8175.77,3322.48,62.7992,237.726,140.865,37.9251,4853.29,1
7,20150916T151026.451457_left_N_16_62.jpg,4.48726,29.691999999999997,6.95872,31.4855,2.69367,47.2439,64.7877,56.4775,3.4933300000000003,28.791829999999997,0
254,20150916T151036.927689_left_N_10_16.jpg,812.368,2606.8,546.6519999999999,2760.21,658.953,54.1116,253.30200000000002,217.804,51.1698,2101.257,0
356,20150916T151037.437838_left_3_10_27.jpg,5051.21,4748.33,198.956,5149.8,4649.74,36.8194,253.24200000000002,176.332,73.7008,500.06,1
203,20150916T151022.974987_right_N_48_30.jpg,1507.63,6310.58,-398.915,6343.49,1474.72,70.9611,230.609,147.18,40.5546,4868.77,0
577,20150916T151023.346577_right_3_66_40.jpg,6475.3,11193.8,-325.904,11216.2,6452.89,49.6508,251.273,142.612,56.0118,4763.31,1
11,20150916T151038.865165_left_N_65_64.jpg,199.28,801.7130000000001,-34.5148,803.684,197.30900000000003,77.4399,252.23,134.583,50.0333,606.375,0
269,20150916T151027.267104_left_N_11_67.jpg,158.316,1118.4,359.392,1238.03,38.6895,47.3855,252.33700000000002,218.767,37.1895,1199.3405,0
540,20150916T151037.437838_left_3_10_26.jpg,4382.73,4654.9,236.112,4791.34,4246.3,36.9367,253.146,177.084,73.5974,545.04,1
328,20150916T151036.554276_right_12_78_20.jpg,4492.02,1901.37,-74.9453,4494.19,1899.2,64.12,253.454,210.199,48.468,2594.99,1
426,20150916T151023.346577_left_28_76_37.jpg,12936.5,10611.4,-32.6997,12936.9,10610.9,37.8316,252.778,129.988,71.5227,2326.0,1
111,20150916T151027.555014_right_N_47_11.jpg,89.0003,530.88,-115.27,559.1419999999999,60.738,83.7258,253.396,220.463,57.437,498.404,0
155,20150916T151022.974987_right_N_71_91.jpg,4.834569999999999,2.78741,2.20819,6.24488,1.3771,245.96,255.0,252.495,1.56459,4.867780000000001,0
568,20150916T151026.451457_right_28_84_29.jpg,9338.6,7266.47,464.23400000000004,9437.85,7167.22,31.6762,253.045,156.491,79.318,2270.63,1
38,20150916T151024.010245_left_N_37_62.jpg,50.9536,77.5761,24.573,92.2116,36.3181,52.4193,77.2163,64.6577,4.44548,55.8935,0
54,20150916T151022.305716_right_N_52_77.jpg,1368.61,4621.71,167.68900000000002,4630.34,1359.98,27.6054,248.804,121.97,77.7458,3270.36,0
570,20150916T151027.555014_left_12_51_34.jpg,2981.93,3751.43,-19.1418,3751.9,2981.46,53.5192,252.72099999999998,107.31200000000001,52.4574,770.44,1
288,20150916T151026.451457_right_N_16_69.jpg,388.54,208.558,83.1628,421.083,176.016,56.8294,158.14700000000002,71.2629,10.9435,245.067,0
16,20150916T151027.267104_left_N_29_43.jpg,8.84356,91.88,17.4395,95.39399999999999,5.3295699999999995,15.1254,87.6317,53.9164,15.7005,90.06443,0
454,20150916T151026.139450_right_28_82_30.jpg,9383.76,6772.81,-305.618,9419.06,6737.52,33.7926,253.405,167.55700000000002,78.529,2681.54,1
63,20150916T151027.866000_left_N_60_34.jpg,2286.28,3933.45,80.6438,3937.39,2282.34,32.0355,237.37599999999998,84.318,35.964,1655.05,0
443,20150916T151026.451457_right_28_50_33.jpg,7906.49,7348.95,49.0538,7910.78,7344.66,49.5595,253.166,131.463,58.4514,566.12,1
285,20150916T151036.207531_right_N_12_45.jpg,98.8891,1010.19,-103.14399999999999,1021.72,87.3608,34.7297,209.75900000000001,109.234,52.0264,934.3592,0
599,20150916T151027.267104_right_12_47_33.jpg,7935.66,8561.99,-114.645,8582.31,7915.33,43.9342,252.593,140.866,67.3125,666.98,1
518,20150916T151022.305716_right_3_54_35.jpg,6559.58,4980.94,295.192,6612.97,4927.55,65.4684,250.699,132.16299999999998,48.1361,1685.42,1
358,20150916T151026.451457_right_12_50_35.jpg,6572.28,8595.56,-260.85900000000004,8628.65,6539.19,49.56399999999999,253.08700000000002,139.656,64.4109,2089.46,1
388,20150916T151022.060481_left_28_76_38.jpg,11407.1,14818.4,126.006,14823.1,11402.4,38.4772,252.697,138.969,72.31,3420.7,1
439,20150916T151036.927689_right_12_73_23.jpg,4869.54,1795.0,-96.8961,4872.59,1791.95,76.8529,253.497,213.632,45.9263,3080.64,1
162,20150916T151028.435618_right_N_16_61.jpg,326.79900000000004,2501.56,-476.26099999999997,2601.28,227.07299999999998,45.0081,253.375,198.05700000000002,73.5325,2374.2070000000003,0
3,20150916T151022.974987_right_N_45_19.jpg,496.421,212.61599999999999,158.86,567.528,141.51,62.1122,253.37,199.995,62.0499,426.01800000000003,0
75,20150916T151027.555014_left_N_47_28.jpg,449.413,528.5459999999999,-28.5707,537.784,440.176,58.5293,175.203,94.0673,28.9386,97.60799999999999,0
